id,question,gold_answer,prediction,retrieved_doc_ids,context_tokens,generation_tokens,retrieval_time_ms,generation_time_ms,total_time_ms,exact_match,f1
5adc1af75542994650320c75,"In which year was this single by Cher, written by  Brian Higgins and included in the album The Very Best of Cher, released?",1998,1998,"[58797, 58803, 16502, 25784, 58802]",744,4,28.224664999981997,413.541519999967,441.766184999949,1.0,1.0
5a866fa855429960ec39b6a5,Ella Purnell appeared in this 2014 film loosely based on what fairy tale?,"""Sleeping Beauty""","Ella Purnell appeared in ""Maleficent,"" which is loosely based on the fairy tale ""Maleficent.""","[25067, 60667, 207, 49023, 49203]",677,25,21.914689999960046,1042.6785640000276,1064.5932539999876,0.0,0.0
5ae7954b554299540e5a5620,Who manufactured the scooter upon which the Bajaj Priya was based off of?,Piaggio,Vespa,"[60694, 10974, 10978, 10977, 10979]",355,3,22.74424999995972,184.53017699999918,207.2744269999589,0.0,0.0
5a89432b554299669944a519,What was the code name of the campaign where Joe Foss received a Medal of Honor?,Operation Watchtower,Guadalcanal Campaign,"[27882, 59997, 59983, 54177, 33985]",696,5,21.40682999998944,345.32049800003506,366.7273280000245,0.0,0.0
5ae1467a554299422ee99659,Rebecca M. Bergman is the President of a college affliated with what church?,Evangelical Lutheran Church,Seventh-day Adventist Church,"[57875, 33997, 2204, 62109, 57113]",643,6,25.820675999966625,392.6345939999578,418.45526999992444,0.0,0.28571428571428575
5a79305755429907847277dd,What prince is a claimant to the former throne of Italy and born in September 1943?,Prince Amedeo,"Prince Amedeo, Duke of Aosta","[60154, 60158, 60357, 51537, 34861]",939,9,21.9106089999741,562.1887130000118,584.0993219999859,0.0,0.5714285714285715
5ac2c338554299657fa29039,How many personnel does the Navy that had Gilliam-class atttack transports have on active duty?,"322,421 personnel on active duty","107,577","[59709, 59703, 13426, 49744, 30893]",720,7,22.66995700000507,438.94001600000365,461.6099730000087,0.0,0.0
5abc184a5542993a06baf863,Who directed the 2015 South Korean drama film starring Hwang Jung-min?,Lee Seok-hoon,"Lee Seok-hoon directed the 2015 South Korean drama film starring Hwang Jung-min titled ""The Himalayas"".","[58735, 58734, 48769, 58732, 51239]",503,27,21.912582000027214,1058.927331999996,1080.8399140000233,0.0,0.33333333333333337
5ae5f82a554299546bf82feb,Who wrote the 2009 American home invasion horror film which Andrea Roth was known for her role in ,Marcus Dunstan,Marcus Dunstan and Patrick Melton,"[61736, 61735, 61732, 61728, 39376]",614,7,21.880855999995674,401.85822399996596,423.73907999996163,0.0,0.5714285714285715
5adf5daf5542995534e8c79d,Are Darren Benjamin Shepherd and Rémi Lange both American?,no,"No, Darren Benjamin Shepherd is not American, while Rémi Lange is French.","[55582, 55578, 32288, 55580, 31873]",550,16,22.616771999992125,695.0810590000174,717.6978310000095,0.0,0.14285714285714288
5ae09b7055429906c02daae4,How did the singer of Pyramid rise to fame?,YouTube,"Jake Zyrus, who performed as Charice before transitioning, gained fame through his hit single ""Pyramid,"" which became his first number-one single in the United States. The song was part of his debut album and featured collaborations with international artists like Iyaz.","[61312, 24812, 49895, 5715, 20291]",812,54,20.463987000027828,2086.1784489999877,2106.6424360000156,0.0,0.0
5a7d598d5542995f4f402262,"Which director was also a film editor, Burton L. King or Maheen Zia?",Maheen Zia,Maheen Zia,"[55104, 27206, 55109, 58503, 9303]",643,5,21.650219999969522,331.8126259999872,353.4628459999567,1.0,1.0
5abb01025542992ccd8e7eab,Who supervised the sting operation that implicated Evelyn Dawn Knight?,Federal Bureau of Investigation,"Assistant Director Neil J. Welch, who headed the bureau's New York division, and Thomas P. Puccio, head of the Justice Department's Organized Crime Strike Force for the Eastern District of New York.","[59788, 35983, 61987, 59791, 26664]",731,43,20.93597300000738,1703.0883410000115,1724.0243140000189,0.0,0.1142857142857143
5ac3e0f7554299194317388b,Which actor does American Beauty and American Beauty have in common?,Kevin Spacey,Kevin Spacey,"[62711, 62712, 4627, 62708, 45540]",634,3,21.51688800000784,266.2259089999566,287.7427969999644,1.0,1.0
5a710a1e5542994082a3e4fd,"What is the genus of the viral disease that has symptoms such as fever, chills, loss of appetite, nausea, muscle pains, and headaches, and has a chance of causing liver damage?",Flavivirus,Flavivirus,"[62390, 62392, 62396, 62391, 62394]",654,3,24.791284000002634,275.25712300001715,300.0484070000198,1.0,1.0
5ab29cef554299449642c936,In which year was the University where Joost Alois Businger is an emeritus professor established ?,1861,1964,"[62076, 37513, 35153, 35155, 2835]",496,4,21.47478099999489,265.5722199999673,287.04700099996217,0.0,0.0
5ae26cb15542994d89d5b421,Charlie McDermott plays Axl Heck on a tv show that premiered in what date? ,"September 30, 2009","June 8, 2013","[56768, 31871, 5459, 26150, 19670]",657,9,21.490330000005997,483.33161200002905,504.82194200003505,0.0,0.0
5a7a11c85542996a35c170b4,What is the English translation of the name of the novel series which the Four III is the final installment of?,"""The Four Great Constables""","The Four III is the final installment of the trilogy based on Woon Swee Oan's novel series titled ""The Four Great Constables.""","[61936, 24398, 61934, 44053, 24396]",688,29,21.436616000016784,1219.6159419999617,1241.0525579999785,0.0,0.2727272727272727
5adf51e05542995534e8c78a,What is Diego Tonetto's Italian passport called?,Italian nationality law,Diego Tonetto's Italian passport is referred to as an Italian fiscal code card.,"[60873, 60880, 32790, 60875, 60626]",462,17,21.377254000015,696.5010880000477,717.8783420000627,0.0,0.125
5a7a68d25542996c55b2dd98,How is the namesake of The Mountbatten Institute related to Elizabeth II?,second cousin once removed,"Louis Mountbatten, 1st Earl Mountbatten of Burma, was an uncle of Prince Philip, Duke of Edinburgh, and second cousin once removed of Elizabeth II.","[57102, 57099, 57103, 57095, 34861]",615,35,21.823082000025806,1426.64333700003,1448.4664190000558,0.0,0.29629629629629634
5ae2c416554299492dc91c67,"Which American actor portray Steve Urkel in ""Family Matters""",Jaleel Ahmad White,Jaleel White,"[59031, 59038, 59034, 59029, 59036]",717,4,21.568327000011323,320.9493570000177,342.517684000029,0.0,0.8
5a734ca85542994cef4bc51b,Alhambra and Tsuro are both examples of what type of game?,tile-based board game,Tile-based board game,"[55882, 2403, 55885, 2135, 44684]",534,4,21.61710799998673,277.2334160000014,298.8505239999881,1.0,1.0
5a8b3af455429971feec467b,Blinding Edge Pictures produced which 2000 film starring Bruce Willis?,Unbreakable,"Blinding Edge Pictures produced the 2000 film ""Unbreakable,"" starring Bruce Willis.","[57527, 48790, 57528, 32287, 21731]",792,21,21.562232999997377,945.4543939999667,967.016626999964,0.0,0.18181818181818182
5a7f9cbd5542994857a7677c,"Aside from the Ivorian who was born in 1986, what other big name footballer has gone through the FC Bibo?","Feyenoord's Sekou Cissé, WS Woluwe's Bassilia Sakanoko, UTA Arad's Leoh Digbeu",Sekou Cissé,"[17693, 17691, 43689, 43693, 49872]",750,6,21.77831699998478,418.89713699998765,440.67545399997243,0.0,0.25
5a8ac0595542992d82986f6c,"Which minor role did this New Zealand storyboard artist play in the film ""King Kong"" who will direct the film based on the novel by Philip Reeve?",Gondorian soldier,Soldier in Truck,"[56184, 37645, 9303, 9301, 25527]",807,4,22.11736499998551,373.8517090000073,395.9690739999928,0.0,0.4
5a7bb52355429927d897c01a,"The song by English indie rock band Florence and the Machine written by Florence Welch and Francis ""Eg"" White and released in 2011 is named after the painting which was completed in which year?",1938,1928,"[56378, 56380, 56377, 56375, 56379]",818,4,22.70796700003075,380.4397060000042,403.14767300003496,0.0,0.0
5a753ff455429916b01642bc,"Who died more recently, Lincoln Steffens, or Monique Wittig?",Monique Wittig,"Monique Wittig died more recently than Lincoln Steffens. Monique Wittig passed away on January 3, 2003, while Lincoln Steffens died on August 9, 1936.","[55319, 55324, 55316, 55320, 40862]",563,47,24.522937000028833,1774.8255930000028,1799.3485300000316,0.0,0.15384615384615385
5a8242c155429940e5e1a81d,Where was the author of Thoughts of Machiavelli born?,Germany,"Pittsburgh, Pennsylvania","[62822, 2623, 49882, 5023, 62214]",635,5,22.552881999956753,345.35014300001876,367.9030249999755,0.0,0.0
5aba7cb455429901930fa7eb,What honor has been received by both a former NASA Astronaut and the Founder of FlightSafety International?,National Aviation Hall of Fame,Enshrinement in the National Aviation Hall of Fame.,"[62087, 10848, 53414, 31347, 2109]",725,12,21.90840200000821,643.6146439999675,665.5230459999757,0.0,0.8333333333333333
5ae34b275542992e3233c371,Which award David Hersey had got for Equus a play by Peter Shaffer ?,Outstanding Lighting Design,Tony Award,"[62476, 62480, 8806, 62482, 9368]",523,2,22.757983999952103,212.07091900004116,234.82890299999326,0.0,0.0
5ab8688b55429934fafe6daa,"What material did a hairdresser from Yorkshire, England invent that was named by his granddaughter?",Starlite,Starlite,"[57321, 43778, 23759, 57318, 57317]",542,2,22.003550000022187,211.0495200000173,233.0530700000395,1.0,1.0
5ab878ba55429916710eb06c,"Which game was published first, Near and Far or King of Tokyo?",King of Tokyo,Near and Far was published first.,"[55610, 55609, 25156, 56179, 18162]",627,7,21.325466999996934,421.23553900000843,442.56100600000536,0.0,0.0
5ae4eb9255429908b63264ba,What were the nations after 1722 that composed a culture that was extensively studied by William N. Fenton?,"Mohawk, Onondaga, Oneida, Cayuga, Seneca, and Tuscarora","Mohawk, Onondaga, Oneida, Cayuga, Seneca, and Tuscarora.","[59659, 58632, 59661, 21165, 40850]",680,21,26.499547000014445,960.8231329999626,987.322679999977,1.0,1.0
5a7ae2f2554299042af8f6aa,"Which sport has been played at the BayArena in Leverkusen, Germany, since 1958?",football,Football (soccer).,"[58615, 58620, 58611, 58223, 45629]",754,5,26.811046000034366,387.99484700001585,414.8058930000502,0.0,0.6666666666666666
5a72a9145542994cef4bc3c1,Which player signed to Bayern Munich before the 2012-2013 season was known mostly as a central defender?,Dante,Javi Martínez,"[26213, 9025, 12412, 12413, 27144]",629,5,21.214140000040516,337.6129040000251,358.8270440000656,0.0,0.0
5a716f575542994082a3e82f,Was it  Ishmael Reed or Joseph Campbell who said Follow your bliss?,Joseph John Campbell,Ishmael Reed,"[22061, 56074, 25778, 56077, 30999]",609,5,22.76412399999117,330.48760899998797,353.25173299997914,0.0,0.0
5abcf9d155429959677d6b90,The director of a film about Wong Fei-hung also made what film? ,"""The 36th Chamber of Shaolin""","""The Killer"" (1989).","[60233, 47789, 13176, 5086, 55395]",563,9,27.492203999997855,460.8217809999928,488.3139849999907,0.0,0.0
5aba5e2555429955dce3edf1,Where does Yannick Ferreira Carrasco play home games?,Wanda Metropolitano,Atlético Madrid,"[59331, 59337, 53759, 11991, 33000]",388,3,21.52818600001183,209.16959599998108,230.6977819999929,0.0,0.0
5ae4a45b55429970de88d9ed,"Although he mostly provided backing vocals as part of this group, Mark Owen's first single ""Four Minute Warning"" released on 4 August 2003, was once part of this English pop music group.",Take That,Take That,"[62082, 62081, 62080, 2582, 62753]",676,2,23.38783200002581,255.38056599998527,278.7683980000111,1.0,1.0
5aba749055429901930fa7d8,What occupation do Chris Menges and Aram Avakian share?,director,Film director,"[1958, 2577, 47567, 9084, 48278]",676,2,21.968175999973028,246.3391320000028,268.3073079999758,0.0,0.6666666666666666
5a8672e4554299211dda2b39,Which iPhone was the first to be completely developed by the Chief Executive Officer of Apple who was born in 1960?,iPhone 5,iPhone 5,"[57175, 57174, 9493, 9491, 5962]",495,3,21.391520000008768,239.48149599999624,260.873016000005,1.0,1.0
5a85d4ad5542997175ce2050,Jim Sharman and Ava DuVernay both share what title concerning their actions leading actors in film or stage?,director,Director,"[55270, 55277, 55272, 55273, 57360]",589,1,22.117142000013246,192.21662500001457,214.33376700002782,1.0,1.0
5a828c3355429940e5e1a8f0,"Kung Fu Magoo is a Mexican-American animated action comedy film with an English voice cast star best known for her roll as what in ""Naruto""? ",Naruto Uzumaki,Alyson Stoner,"[57033, 23414, 21176, 35857, 57032]",729,5,22.721713999999338,407.2761470000046,429.9978610000039,0.0,0.0
5ade04465542990dbb2f7f2f,What is the birth name of Nadeem Siddique's favorite boxer?,Walker Smith Jr.,Sugar Ray Robinson,"[62720, 53116, 57162, 42244, 42725]",667,3,24.688229000048523,289.64319799996474,314.33142700001326,0.0,0.0
5add813e5542992200553b46,"Eddie Jemison had a role in the television series ""IZombie"", which premiered on what date?","March 17, 2015","March 17, 2015.","[56929, 14860, 14864, 14863, 31240]",696,11,23.79003499999044,596.1369589999777,619.9269939999681,1.0,1.0
5ab553e2554299494045ef81,"Which show was Andrew ""Andy"" Spade's brother in n the 1990s?","""Saturday Night Live""",That '90s Show,"[56748, 56751, 43978, 23651, 5459]",587,6,22.01660800000127,361.80057299998225,383.8171809999835,0.0,0.0
5a8303c255429954d2e2ec01,The Plymouth fury produced from 1955 to 1989  was replaced by what for police and fleet applications?,Chrysler K platform,Plymouth Breeze,"[62272, 62268, 62269, 62267, 62271]",854,5,22.08772199998066,414.1787460000046,436.26646799998525,0.0,0.0
5ab9d0b755429955dce3ed8f,"Which sister of Margarita ""Peggy"" Schuyler Van Rensselaer is sometimes called Betsey?",Elizabeth Hamilton,Elizabeth Schuyler Hamilton,"[59482, 59487, 59489, 59481, 59490]",475,5,22.941661000004387,300.1674230000049,323.10908400000926,0.0,0.8
5ae2661d554299495565da60,"Phil Ruffin, an American businessman born in 1935, owned a greyhound racing track called the Wichita Greyhound Park in which state?",Kansas,Kansas,"[30950, 30948, 54724, 30947, 30944]",534,1,21.017043000028934,179.00214100001222,200.01918400004115,1.0,1.0
5ae2d8fb55429928c42394fa,Who was the base where the 413th Flight Test Group is stationed named after?,Brig Gen Augustine Warner Robins,"Robins Air Force Base, Georgia.","[61537, 61538, 61543, 61542, 61541]",358,8,21.409984000001714,364.0504169999872,385.4604009999889,0.0,0.20000000000000004
5a8463545542990548d0b2a3,What was the position of Jean Baptiste Androuet du Cerceau under the man who was King of the Polish-Lithuanian Commonwealth from 1573 to 1575?,supervisor of the royal works,Supervisor of the royal works.,"[59220, 59213, 28873, 59215, 13475]",593,7,21.65389999998979,406.91302099997984,428.5669209999696,1.0,1.0
5a75639255429916b01642f7,What role did Ben Keaton play in the british film East is East written by Ayub Khan-Din?,a priest,"In the British film ""East is East,"" written by Ayub Khan-Din, Ben Keaton played a priest named Father Austin Purcell.","[61896, 61899, 61893, 61897, 61895]",561,29,21.838001000048735,1214.750677999973,1236.5886790000218,0.0,0.1
5abae1e65542996cc5e49ed2,JSOC was created on the recommendation of a colonel who served in the Malayan Emergency and what other war?,Vietnam War,World War II,"[56603, 56607, 56602, 56604, 56606]",836,3,23.19295500001317,350.90962399999626,374.1025790000094,0.0,0.4
5a7a47be5542994f819ef1b2,Near the banks of what river is the city in Romania with a partner Aspen Institute located?,Dâmbovița River,Dâmbovița River,"[59278, 59276, 53099, 35497, 59513]",788,7,22.066717000029712,472.4603189999925,494.52703600002224,1.0,1.0
5ab1d7ac554299449642c7e6,"Which genus has more species, Xanthoceras or Ehretia?",Ehretia,Ehretia has more species than Xanthoceras.,"[54686, 47829, 48387, 42532, 55707]",379,13,21.685289000004104,556.3831279999931,578.0684169999972,0.0,0.2857142857142857
5a79f04d5542996c55b2dca7,"Which long-established US university is older: University of California, Berkeley or Syracuse University?","University of California, Berkeley","University of California, Berkeley is older than Syracuse University.","[54732, 38, 29801, 29205, 2090]",602,11,25.092959999994946,552.1819800000003,577.2749399999952,0.0,0.6153846153846153
5ac547525542993e66e822a3,"In 2017, what was 3/4th of the organization that also has a Center for Veterinary Medicine as well as part of the U.S. Department of Health and Human Services, spent on?",Prescription Drug User Fee Act,Approximately $700 million.,"[59625, 46599, 54915, 48369, 62895]",646,8,32.72982599997931,459.1058549999616,491.8356809999409,0.0,0.0
5ae12bcc5542997b2ef7d11a,Are Benjamin Britten and Béla Bartók from the same country?,no,No,"[54585, 6902, 15713, 15712, 16336]",848,1,22.494088000030388,275.3835920000256,297.877680000056,1.0,1.0
5ab504865542991779162d52,What term is the current chairman of Prince William County serving?,fourth term,Fourth term,"[56276, 56274, 56271, 9063, 56273]",725,2,21.674720000021352,281.8388840000239,303.51360400004523,1.0,1.0
5ae256435542992decbdccc3,"In what year did the playwright who wrote ""The City Heiress"" die?",1689,1965,"[61385, 48742, 61384, 24120, 62214]",697,4,21.87858600001391,326.4985800000204,348.3771660000343,0.0,0.0
5adc9b7a5542994d58a2f679,Shani Gandi has worked with Kelsea Ballerini in what country?,American,India,"[56906, 56902, 57450, 56904, 56897]",556,1,21.510752999972738,182.5304750000214,204.04122799999413,0.0,0.0
5a8ae61955429970aeb70326,Are both Deerhunter and Nine Lashes American Christian rock bands?,no,"Yes, both Deerhunter and Nine Lashes are American Christian rock bands.","[5125, 54930, 54932, 54928, 54926]",578,15,25.02386900005149,673.2650879999937,698.2889570000452,0.0,0.0
5a877fa45542993e715abf84,What actor born in 1951 starred in Aaj Ka Robin Hood?,Nana Patekar,Anil Chatterjee,"[58976, 21150, 8068, 32874, 25104]",1115,5,22.61572999998407,528.4123470000281,551.0280770000122,0.0,0.0
5ae5e62455429929b0807a07,Giovanna d'Arco is an opera that was created by the composer of what nationality?,Italian,Italian,"[56173, 16336, 15563, 7129, 21031]",485,1,22.202990000039335,165.97919700001285,188.18218700005218,1.0,1.0
5a76a8bb5542993569682c76,In what country did Gildo Siopaes win a bronze medal for bobsledding in the 1964 Winter Olympics?,Austria,Italy,"[59518, 44986, 32393, 39651, 27218]",827,1,21.541110000043773,274.76802600000383,296.3091360000476,0.0,0.0
5ac2ba4855429921a00ab048,which Norwegian chess grandmaster was  Espen Agdestein his manager ,Sven Magnus,Magnus Carlsen,"[60280, 60279, 51192, 60282, 60276]",633,4,21.60858500002405,306.2441700000136,327.85275500003763,0.0,0.5
5ae55d1e55429960a22e02cb,"When was the host of ""British Academy Television Awards 2009"" born? ",4 April 1963,Graham Norton was born on 4 April 1963.,"[60008, 60007, 24019, 27774, 60011]",476,15,21.054429999992408,645.6887710000387,666.7432010000311,0.0,0.5454545454545454
5ae16ea85542990adbacf790,When did the UVF Mid-Ulster Brigade conducted the attack The Miami Showband killings?,31 July 1975,1975,"[61793, 61790, 61795, 61794, 61787]",785,4,21.326584000007642,366.39454899994917,387.7211329999568,0.0,0.5
5a8787915542996e4f30882e,"Which film was produced first, Dangal or The Man from Snowy River II?",The Man from Snowy River II,The Man from Snowy River II,"[55052, 34782, 55048, 55047, 55054]",529,7,21.65693300003113,391.0869860000048,412.74391900003593,1.0,1.0
5abc817c5542993a06baf8fd,"""This Ole House"" topped the UK chart in 1981 in a recording by a platinum-selling British rock and roll singer whose recording and performing career began when? ",in the late 1960s,Shakin' Stevens,"[33618, 33615, 33619, 58979, 34590]",635,4,22.3682739999731,322.9891219999672,345.3573959999403,0.0,0.0
5a88bb4a554299206df2b353,"Which formed first, Fireflight or Dirty Three?",Dirty Three,Dirty Three,"[55347, 55346, 55349, 8157, 33579]",700,2,21.86869199999819,261.6679349999913,283.5366269999895,1.0,1.0
5ae4c8f35542990ba0bbb130,"Ralf Popken had a role in a musical that is a satire on corruption in the administration of criminal justice, bringing what concept to light?","the ""celebrity criminal""",Celebrity criminal,"[58563, 58561, 1818, 53326, 59881]",755,3,21.614385000020775,330.31485700001895,351.9292420000397,1.0,1.0
5a8f91c755429918e830d26c,What Estonian composer whose music is partly inspired by Gregorian chant set the Latin text of the Magnificat canticle in 1989?,Arvo Pärt,Arvo Pärt,"[23247, 59378, 59384, 46420, 51791]",648,5,25.88872699999456,357.30029699999477,383.18902399998933,1.0,1.0
5ac23ff0554299636651994d,"When was Poison's album ""Shut Up, Make Love"" released?",2000,"March 14, 2000","[60704, 60700, 60696, 28968, 38608]",898,10,22.043774000053418,612.5421089999463,634.5858829999997,0.0,0.5
5adcc90c5542990d50227d1b,Who was an important leader of the Democratic-Republican Party?,Abraham Alfonse Albert Gallatin,Thomas Jefferson and James Madison,"[56863, 31122, 45337, 62484, 32892]",1050,5,25.681292000001577,497.57528000003504,523.2565720000366,0.0,0.0
5a8d64305542994ba4e3dc80,"What Province in Sicily, founded in the eighth century B.C., was the birthplace of the famous historical mathematician Archimedes?",Province of Syracuse,Province of Syracuse,"[56838, 56835, 56839, 56842, 623]",691,3,21.712816999979623,292.55466799997976,314.2674849999594,1.0,1.0
5ae0c7b055429945ae95944b,The Admiral's Men occupied which kind of theatre in the 1590s ?,Elizabethan theatre,the Rose Theatre,"[59928, 59926, 59927, 59930, 36294]",708,3,21.723995000002105,296.91989799999874,318.64389300000084,0.0,0.5
5a77121a5542994aec3b71db," Which 1970's film was released first, Charley and the Angel or The Boatniks?","The Boatniks is a 1970 American comedy film starring Robert Morse, Stefanie Powers, Don Ameche and Phil Silvers.",The Boatniks,"[54811, 1162, 8928, 47800, 5470]",467,4,22.64290299996219,272.63940900002126,295.28231199998345,0.0,0.11764705882352941
5a89a74e554299669944a562,Who directed the second film in a British series of action comedy film parodying the James Bond secret agent genre with comedy similar to Rowan Atkinson's Mr. Bean character?,Oliver Parker,"Oliver Parker directed the second film in the British series of action comedy films parodying the James Bond genre, titled ""Johnny English Reborn"".","[59370, 59369, 49396, 59372, 59377]",611,29,28.026404999991428,1180.1715810000246,1208.197986000016,0.0,0.18181818181818182
5a794119554299029c4b5f3c,"Who was born first, Nellee Hooper or Baz Luhrmann?","""Baz"" Luhrmann","Baz Luhrmann was born first, on 17 September 1962.","[56996, 24483, 36106, 52378, 55878]",675,20,26.752124000040567,886.8976549999843,913.6497790000249,0.0,0.3636363636363636
5a81329655429926c1cdad0c,What electronic attack squadron is permanently stationed on two pieces of land near Oak Harbor?,Black Ravens,VAQ-139,"[60163, 60159, 60166, 60165, 60160]",469,6,22.243852000030984,333.6977440000055,355.9415960000365,0.0,0.0
5ac2920555429921a00aafc9,Gül Mosque and Hippodrome of Constantinople are both located where?,"Istanbul, Turkey","Istanbul, Turkey","[55021, 55026, 55024, 55018, 55027]",868,4,21.052912000016022,396.9492490000448,418.0021610000608,1.0,1.0
5a7503945542996c70cfae76,"Which Lithuanian-Canadian anthropologist, primatologist, conservationist, ethologist, and author was chosen by  Louis Leakey, along with Jane Goodall, Dian Fossey to study hominids in their natural environments?",Birutė Marija Filomena Galdikas,Birutė Galdikas,"[56728, 56725, 56727, 56732, 56733]",644,7,22.23183599994627,425.1256690000105,447.35750499995675,0.0,0.6666666666666666
5a7ce100554299683c1c63b5,"Who is younger, Terry Glaze or Hayley Williams?",Hayley Williams,"Terry Glaze is younger than Hayley Williams. Terry Glaze was born on November 29, 1964, while Hayley Williams was born on December 27, 1988.","[55035, 55030, 55033, 55028, 25914]",605,46,21.20623300004354,1747.0469739999999,1768.2532070000434,0.0,0.15384615384615385
5adf62d05542992d7e9f932d,Which number-one single is Michael Steele responsible for?,"""Walk Like an Egyptian""",None,"[50481, 43811, 4601, 3934, 51189]",617,1,21.297629999992296,205.03702700000304,226.33465699999533,0.0,0.0
5abba3cd554299642a094aee,"How many different schools does the university, in which Andrew J. Elliot is a professor of psychology, have?",six,Six,"[59027, 47937, 36921, 50142, 32653]",657,1,22.062075999997433,219.04763100002356,241.109707000021,1.0,1.0
5add4fd15542992200553a98,"In the Glee episode ""Bad Reputation,"" Sue Sylvester dances to this song, by a four-time Grammy winner and star of musical film ""Grease.""",Physical,"""Physical""","[62915, 62922, 62920, 62921, 35428]",860,3,22.191399999996975,367.12268299999096,389.31408299998793,1.0,1.0
5a72e4375542992359bc31bf,"Who is older, Lucy Gichuhi or Bob Day?",Bob Day,"Bob Day is older than Lucy Gichuhi. Bob Day was born on 5 July 1952, while Lucy Gichuhi was born on 23 September 1962.","[60469, 60474, 60476, 49703, 55224]",415,44,20.766577000017605,1591.737060000014,1612.5036370000316,0.0,0.15384615384615385
5ae00a27554299025d62a3bb,What Chinese company helped develop the aircraft that preceded the Chengdu J-7?,Chengdu Aircraft Corporation,AVIC (Aviation Industry Corporation of China),"[60800, 60803, 60804, 60796, 60798]",731,10,22.15751600004978,568.0796079999482,590.237123999998,0.0,0.2222222222222222
5a7217f255429971e9dc9260,Which Member of Parliament for Macclesfield was married to Jane Ann Winterton?,Sir Nicholas Raymond Winterton,Nicholas Winterton,"[52340, 52336, 10863, 58255, 51014]",650,5,21.660644999997203,356.4678449999974,378.1284899999946,0.0,0.6666666666666666
5a79e1275542990198eaefe7,The 19 high-rise commercial buildings covering 22 acres between 48th and 51st Streets in New York City feature which style of architecture?,The Art Deco style,Art Deco,"[37307, 6260, 45692, 16350, 1543]",500,3,22.14694200000622,253.03602000002456,275.1829620000308,0.0,0.8
5aba7d7d554299232ef4a303,The Juan Trippe Professor at Yale School of Management is named after a pioneer in which field?,aviation,aviation,"[20103, 58205, 44402, 58209, 40678]",872,2,21.465995999960796,332.82918700001574,354.29518299997653,1.0,1.0
5ae5d008554299546bf82f7d,The 2015 CrossFit Games were held at what multiple-use sports complex that is approximately 14 miles south of Downtown Los Angeles?,StubHub Center,StubHub Center,"[58812, 58810, 32502, 45196, 20144]",815,3,21.983725999973558,360.06127299998525,382.0449989999588,1.0,1.0
5a7d41425542997cc2c4743b,"What type of plane is the four engine heavy bomber, first introduced in 1938 for the United States Army, which is hangared at Conroe North Houston Regional Airport?",American Boeing B-17 Flying Fortress,Boeing B-17 Flying Fortress,"[56244, 56245, 39396, 56241, 44309]",809,8,22.28960399997959,556.2051169999904,578.49472099997,0.0,0.9090909090909091
5a8a32d65542992d82986ef4,During the period known as the Second Red Scare Alexander Trachtenberg was convicted under which Act?,Smith Act,Smith Act,"[61103, 61100, 61101, 61095, 61099]",780,2,22.81411400002753,314.512604000015,337.32671800004255,1.0,1.0
5a825b0e55429954d2e2eb0c,The Lucy Maud Montgomery novel about the character Anne Shirley was first translated into Japanese by what woman?,Hanako Muraoka,"The novel ""Anne of Green Gables"" by Lucy Maud Montgomery was first translated into Japanese by Yukiko Kato.","[58089, 58082, 58085, 58087, 58090]",573,25,23.423626000010245,1167.2892490000208,1190.712875000031,0.0,0.0
5a712c4b5542994082a3e622,"What heritage site, known for a British explorer, is listed Seventeen Seventy Australia?",Captain Cook's Landing Place,"The heritage site known for a British explorer, specifically Captain Cook, is called ""Cook's Landing Place"" or ""Town of Seventeen Seventy"". This site is located in Seventeen Seventy, Gladstone Region, Queensland, Australia.","[60896, 12109, 60895, 26810, 52311]",575,48,27.19238000003088,1823.7593489999995,1850.9517290000304,0.0,0.27777777777777773
5a77671255429966f1a36d21,What aspect of the board game Diplomacy is not found in the board game Uncle Wiggily?,negotiation phases,Optimal strategy,"[55201, 55199, 7171, 55206, 48495]",784,3,23.08026600002222,352.7986399999463,375.87890599996854,0.0,0.0
5a74702555429929fddd8428,"Who is older out of Bob Saget, the American comedian, and Indian director S. Shankar?","Robert Lane ""Bob"" Saget",S. Shankar is older than Bob Saget.,"[54992, 54991, 61448, 8942, 7336]",507,11,22.418240999968475,532.8274519999923,555.2456929999607,0.0,0.36363636363636365
5a84c6e65542994c784dda48,What is the nationality of the man who finished second for ART Grand Pix in the 2016 Baku GP2 Series round?,Russia,Russian,"[61435, 61439, 61440, 61438, 61444]",924,1,26.121649999993224,320.284958000002,346.40660799999523,0.0,0.0
5a8cb288554299585d9e3726,"The mass killing that took place at Oakland, California on April 2, 2012 was less deadly than the one that took place on October 1, 2015 in which state?",Oregon,Texas,"[60491, 19885, 38834, 54306, 50567]",782,1,27.034028000002763,290.16525999998066,317.1992879999834,0.0,0.0
5a80cddd554299260e20a169,Multiple award-winning actor Gary Sinise appeared in The Stand in 1994 - a miniseries based on a novel and screenplay by which noted author?,Stephen King,Stephen King,"[27571, 57360, 44722, 13172, 6206]",767,2,22.51268500003789,313.50652399999035,336.01920900002824,1.0,1.0
5a8bc3ac5542995e66a47501,Where is the head quarter of the Blue Bird Body Company?,"Fort Valley, Georgia","Fort Valley, Georgia.","[62376, 62374, 62373, 62380, 62379]",534,5,21.873385999981565,328.48895299997594,350.3623389999575,1.0,1.0
5abaee845542996606241696,"On February 25, 2017 tony Harrison lost the the International Boxing Federation light middleweight world title to a boxer from what state?",Maryland,Pennsylvania,"[56566, 60356, 42729, 42244, 57158]",786,2,21.424957000022005,281.6785040000127,303.1034610000347,0.0,0.0
5ac4ecea55429919431739fd,"What game was a Philadelphia native, who played college basketball at the University of North Carolina, selected for?",2001 NBA All-Star Game,National Basketball Association (NBA),"[12154, 12145, 19012, 59779, 58400]",705,7,21.786065000014787,448.23154599998816,470.01761100000294,0.0,0.22222222222222224
5adc6e035542994650320cec,"The 2014 All-Pac-12 Conference football team featured players from the team led by which second-year head coach, who led his team to the conference title?",Mark Helfrich,Mark Helfrich,"[59850, 59855, 59856, 59858, 59853]",783,4,21.97637799997665,379.0226400000165,400.99901799999316,1.0,1.0
5a76334c5542994ccc918710,Where is the author of Killing Pablo: The Hunt for the World's Greatest Outlaw (2001) born?,"St. Louis, Missouri","Mark Bowden is born in Antigua, which is part of the twin-island nation of Antigua and Barbuda.","[59075, 58056, 30127, 3943, 17676]",751,25,21.53259099998195,1103.6988540000152,1125.2314449999972,0.0,0.0
5a8e27d45542995a26add46a,Jaclyn Stapp is married to the former frontman of a band that disbanded in what year?,2004,2012,"[62592, 549, 54239, 16667, 1368]",627,4,21.355706999997892,324.7058750000065,346.06158200000436,0.0,0.0
5ab67d2055429954757d3304,"Which is a type of gun dog, the Labrador Retriever or the Tibetan Terrier?",Labrador Retriever,The Labrador Retriever is a type of gun dog.,"[55831, 55828, 54719, 3580, 55834]",528,12,26.118511000049693,574.6709109999983,600.789422000048,0.0,0.4444444444444445
5a81b99c5542995ce29dcc56,Atlas Shrugged was a film based on the books by a proponent of what philosophy?,Objectivism,Objectivism,"[47131, 47133, 62212, 62214, 47132]",577,2,22.29589199998827,233.80757199998925,256.1034639999775,1.0,1.0
5a7a03225542996c55b2dcd5,What railroad in which Challengers were most common was completed in 1915?,Clinchfield Railroad,Clinchfield Railroad,"[58864, 58863, 40841, 23627, 58862]",939,4,23.662391000016214,439.7389189999785,463.40130999999474,1.0,1.0
5ae7ed17554299540e5a56a3,Ernest Foot was the best friend of the fighter pilot who had how many victories?,44,Albert Ball had 44 victories.,"[61409, 61414, 44367, 40162, 32486]",569,8,22.30115599996907,441.0735670000463,463.37472300001536,0.0,0.33333333333333337
5abc1ca15542993a06baf88d,Which acter/director is known for depicting the Russian working class life and directed a film that won an Academy Award in 1981?,Vladimir Menshov,Vladimir Menshov,"[62808, 31002, 62810, 8070, 49957]",713,6,21.517221000010522,442.49050000001944,464.00772100002996,1.0,1.0
5a75e33855429976ec32bc74,Which team's 2013-2014 season had players including a Slovenian who plays at both the point guard and shooting guard positions?,the Phoenix Suns,Phoenix Suns,"[61345, 39253, 61346, 26071, 20143]",1055,2,20.932033999997657,428.9378900000429,449.86992400004056,1.0,1.0
5a7a633a55429941d65f2609,"Who was born last, Dave Peverett or Jang Hyun-seung?",Jang Hyun-seung,Dave Peverett was born last.,"[3552, 55183, 50592, 40091, 42898]",665,8,22.527312000022448,470.15628399998377,492.6835960000062,0.0,0.0
5ae0247955429925eb1afc22,Where did the character  Xavin  changed into a black female just for the sake first appeared ,"""Runaways"".","In ""Runaways"" vol.  2 #7.","[58054, 44666, 37823, 52010, 20255]",1249,13,21.361023999986628,899.0129319999483,920.3739559999349,0.0,0.33333333333333337
5adbf0a255429947ff17385a,Are the Laleli Mosque and Esma Sultan Mansion located in the same neighborhood?,no,"No, the Laleli Mosque and Esma Sultan Mansion are not located in the same neighborhood. The Laleli Mosque is located in Laleli, Fatih, Istanbul, while the Esma Sultan Mansion is located in Ortaköy, Istanbul.","[55971, 55970, 55974, 55967, 55972]",339,53,21.886870000003,1912.4587370000086,1934.3456070000116,0.0,0.0625
5ae0c29c5542993d6555ec46,What was the profession of the one who wrote a song on a 2005 album he collaborated on with Marc Predka?,"professional wrestler, actor, and hip hop musician",Composer,"[36060, 62751, 13336, 23137, 6940]",863,1,21.70417500002486,304.9306610000144,326.6348360000393,0.0,0.0
5abface75542990832d3a196,"Por Baazar contains a cameo by an Indian film director, screenwriter, producer, actor, playback singer, and television host, who was born to Javed Akhtar and who?",Honey Irani,Farhan Akhtar,"[58907, 58911, 58912, 58910, 58909]",893,4,21.699050999984593,424.5236770000247,446.2227280000093,0.0,0.0
5ac514d05542994611c8b372,What is the name of the person that named Moltke Nunatak after the Chief of the German General staff that served from 1906 to 1914?,Second German Antarctic Expedition of 1911–12 under Wilhelm Filchner.,Helmuth von Moltke the Younger.,"[56886, 56885, 56880, 11797, 26217]",758,11,22.944849999987582,626.2492299999849,649.1940799999725,0.0,0.0
5a7b735c5542997c3ec9718a,The Toyota FJ Cruiser is built by this Toyota subsidiary which is a leading producer of what type of trucks in Asia?,medium and heavy-duty diesel trucks,Hino Motors,"[62008, 62014, 62007, 7316, 56951]",770,3,21.0858949999988,349.07389399995736,370.15978899995616,0.0,0.0
5a7e6f295542991319bc94b1,"Who gave the mother of Alberic II of Spoleto the title ""patricia"" of Rome?",Pope John X,Pope John X.,"[57990, 57996, 57993, 57994, 57992]",422,5,21.96357499997248,281.65751599999567,303.62109099996815,1.0,1.0
5ab2a186554299295394677b,"When did the English local newspaper, featuring the sculpture and war memorial in the Forbury gardens, change names?",2009,2009,"[60468, 60463, 60464, 60466, 60465]",613,4,21.125446000041848,317.91240300003665,339.0378490000785,1.0,1.0
5abbd12b55429931dba14577,The Cromwell station is located in which Maryland county?,Anne Arundel County,"Glen Burnie, Maryland","[56595, 28946, 35083, 36840, 56592]",723,6,21.308930000031978,411.62464100000307,432.93357100003504,0.0,0.0
5a79311755429970f5fffe67,"A Japanese manga series based on a 16 year old high school student Ichitaka Seto, is written and illustrated by someone born in what year?",1962,1980,"[56399, 37251, 39836, 23025, 12771]",854,4,20.992080000041824,404.8857969999631,425.8778770000049,0.0,0.0
5a8f15ec554299458435d552,The 2006 NCAA Wrestling Championships crowned Jake Rosholt and another athlete known for powerful punches from what hand?,left,Johny Hendricks,"[59125, 59119, 59127, 59128, 59122]",542,4,20.758409999984906,296.98506300002236,317.74347300000727,0.0,0.0
5ae352285542994393b9e685,Rumble Fish was a novel by the author of the coming-of-age novel published in what year by Viking Press?,1967,1967,"[59326, 59324, 45554, 59322, 59327]",500,4,22.77322700001605,285.112971999979,307.88619899999503,1.0,1.0
5ac3ad7f5542995ef918c1de,The Aviation Hall of Fame and Museum of New Jersey is located at the airport in which New Jersey county?,Bergen,Bergen County,"[58164, 58158, 58162, 58160, 829]",551,4,22.543439999992643,302.8712759999621,325.41471599995475,0.0,0.6666666666666666
5a8ad59355429950cd6afba4,"Which battle, that resulted in the death of Selyf Sarffgadau and Cadwal Crysban, did the Synod of Chester contribute to starting?",Battle of Chester,Battle of Chester,"[61806, 61802, 59960, 18541, 10319]",805,3,22.764401999950223,358.1646939999814,380.92909599993163,1.0,1.0
5a790f5e55429970f5fffe40,What date did the movement Hans Knirsch was an activist for officially gain traction?,"November 15, 1903","November 15, 1903","[61217, 51350, 61223, 31127, 29963]",886,10,22.024476000012783,633.6375879999991,655.6620640000119,1.0,1.0
5a7de14a5542991319bc93fc,"What rule-class city of 26,595 contains the neighborhood Plainview?","Jeffersontown, Kentucky","Jefferson County, Kentucky","[59468, 59463, 19778, 18004, 36846]",506,5,22.951724999984435,317.61645099999214,340.5681759999766,0.0,0.4
5a70eee85542994082a3e3f0,"Which group of people in West Africa with significant populations in Ghana, Ivory Coast, Liberia and Sierra Leone use the Ida?",The Yoruba,Yoruba people,"[61645, 29946, 29942, 61641, 61640]",633,4,21.704811999995854,322.7947319999771,344.49954399997296,0.0,0.6666666666666666
5a81778355429926c1cdad2e,What lake in Australia is named after a Scottish Knight?,Lake Wallace,Lake Wallace,"[56642, 31645, 28015, 26810, 39734]",617,2,21.430309000038505,247.03485899999578,268.4651680000343,1.0,1.0
5abd648155429933744ab7ac,Who was the chief executive officer of the second largest US car rental company by sales?,Robert L. Stone,Mike Jackson,"[12068, 25532, 36657, 61727, 60090]",541,2,20.93077000000676,234.64404800000693,255.5748180000137,0.0,0.0
5a7a05485542990198eaf04c,Special K is a slang word for a medication whose main effects last how long?,up to 25 minutes,Up to 25 minutes.,"[58867, 58865, 58869, 58874, 18858]",810,7,27.351288999966528,491.2612960000047,518.6125849999712,1.0,1.0
5a7f19eb55429934daa2fcdb,"Which band originated from the United States, Milky Chance or Stone Temple Pilots?",Stone Temple Pilots,Stone Temple Pilots,"[5638, 54936, 54939, 8392, 7686]",774,4,24.313290000009147,374.12687899995944,398.4401689999686,1.0,1.0
5ac083b0554299294b21900d,What kind of beverage does Planter's Punch and Black Velvet have in common?,cocktail,Both Planter's Punch and Black Velvet are cocktails.,"[55453, 55458, 14385, 138, 136]",323,11,21.49825700001884,446.83293999997886,468.3311969999977,0.0,0.0
5a886c0c55429938390d3f51,Who owns the broadcasting platform where Games Done Quick is broadcast?,Amazon.com,Twitch,"[56217, 36152, 23530, 17505, 47205]",669,2,21.40277099999821,252.9964749999749,274.3992459999731,0.0,0.0
5ab56e32554299637185c594,Are Random House Tower and 888 7th Avenue both used for real estate?,no,Yes,"[54698, 54697, 51051, 6464, 28259]",844,1,21.438006999972004,299.58017799998515,321.01818499995716,0.0,0.0
5ab66e1355429954757d32b2,Are Sunset Strip and American Hardcore both music documentaries?,no,"No, Sunset Strip and American Hardcore are not both music documentaries.","[55070, 55065, 55073, 55069, 39041]",499,13,21.694340999999895,588.9625400000114,610.6568810000113,0.0,0.16666666666666669
5a75c02f5542992db94736b4,"Which mountain is higher, Tongshanjiabu or Himalchuli?","Himalchuli has three main peaks: East (7893 m), West (7540 m) and North (7371 m)",Himalchuli,"[54851, 54849, 6255, 55239, 1611]",503,4,21.76473900004794,277.9982740000264,299.76301300007435,0.0,0.125
5a85db6e5542994c784ddb96,What is the student body for Ron Johnson's alma mater?,"37,776",Not specified in the given documents.,"[56480, 50142, 14052, 56484, 47493]",728,7,21.802239000010104,460.3637979999462,482.1660369999563,0.0,0.0
5a82ffe755429940e5e1a949,Lou Pai is a former executive of an energy company that went bankrupt in what year?,2001,2001,"[60532, 60531, 60528, 60530, 9200]",907,4,22.026803999949607,404.5043229999692,426.5311269999188,1.0,1.0
5ae51b495542993aec5ec146,"On December 4, 1872, the ship Mary Celeste, captained by Benjamin Briggs, was found unmanned and drifting in the Altantic Ocean near what location?",Straits of Gibraltar,"The ship Mary Celeste, captained by Benjamin Briggs, was found unmanned and drifting in the Atlantic Ocean near the Straits of Gibraltar on December 4, 1872.","[56777, 56784, 56778, 50791, 60894]",857,38,27.939314000036575,1586.3639460000059,1614.3032600000424,0.0,0.23076923076923078
5ae3f33e5542991a06ce9a3d,"William Sidney Sid Hatfield was the Police Chief of Matewan, West Virginia during a shootout between local coal miners and the Baldwin-Felts Detective Agency that is referred to as what?",Battle of Matewan,Battle of Matewan,"[62015, 62017, 62023, 62021, 62019]",656,4,22.51185800002986,327.48459600003343,349.9964540000633,1.0,1.0
5a8de02b554299068b959e13,What team did Robbie Keane play for after Inter Milan?,Republic of Ireland national team,ATK,"[62188, 62185, 62191, 7253, 62186]",955,2,21.770136999975875,350.47434699998803,372.2444839999639,0.0,0.0
5a80b3a9554299485f5986cc,Tysons Galleria is located in what county?,Fairfax County,Fairfax County,"[61297, 61295, 61296, 61298, 35343]",571,3,21.85008399999333,258.6285970000404,280.4786810000337,1.0,1.0
5a7a88e455429941d65f268c,Where is the historic meeting venue built in a style taught at the Ecole des Beaux-Arts?,First Street,"Philadelphia, Pennsylvania","[56460, 9534, 38135, 28875, 8685]",717,3,21.630091000020002,308.1814569999892,329.8115480000092,0.0,0.0
5ac2ffb755429921a00ab0cb,The Tanjong Pagar Centre replaced which tower finished in 1986 as the tallest building in Singapore?,One Raffles Place,One Raffles Place,"[61402, 61399, 61400, 61406, 20450]",817,4,22.851147000039873,382.50317600000017,405.35432300004004,1.0,1.0
5a7e72dd55429949594199bf,Among the prominent members of the Walla Walla expeditions was member of tribe whose reservation is how many square miles in total?,237,Spokane Tribe,"[57118, 57120, 57122, 34755, 57115]",989,3,22.045325000021876,417.98961300003157,440.03493800005344,0.0,0.0
5ac1b3a75542994ab5c67dd2,"In what year was the company founded whose Manhattan branch was the site for the recording of the live album, Park Avenue South, by Dave Brubeck and his quartet? ",1971,1887,"[59849, 8195, 47205, 46979, 45133]",496,4,21.639870999990762,278.1162300000233,299.75610100001404,0.0,0.0
5a711ef85542994082a3e5ac,"Which hospital, the Psychiatric Institute of Washington or Howard University Hospital, is known for serving the African American community including former slaves?",Howard University Hospital,"Howard University Hospital is known for serving the African American community, including former slaves, since it was established in 1862 to cater for the medical needs of thousands of African Americans who came to Washington during the Civil War, seeking their freedom.","[2648, 2086, 55743, 2089, 50030]",593,50,20.881139999971765,1907.7098249999835,1928.5909649999553,0.0,0.14285714285714288
5a80870d5542992bc0c4a752,Shaqtin' a Fool has included which television personality who worked for 8 yearst at ESPN?,Matthew Ward Winer,Chris Berman,"[62740, 51074, 35879, 58238, 37473]",961,3,27.155648000018573,388.9590019999787,416.11464999999725,0.0,0.0
5ae60484554299546bf8301a,Which player for the Chicago American Gears held the record which George Harry Yardley III broke ,"George Lawrence Mikan, Jr.",George Mikan,"[58026, 58033, 58030, 58034, 12610]",560,3,21.851268999967033,259.3434180000145,281.1946869999815,0.0,0.6666666666666666
5a831fc955429954d2e2ec28,What city is the most populous city in Australia and Oceania and the birthplace of a silver and bronze medalist from the 1992 Barcelona Paralympics?,Sydney,Sydney,"[52311, 62424, 62423, 54782, 25641]",668,2,22.414863000051355,254.74919600003432,277.1640590000857,1.0,1.0
5ae56fb85542993aec5ec1a9,"What software company developed Fade to black and it's 1992 Sequel, Flashback? ",Delphine Software International,Delphine Software International and Electronic Arts developed Fade to Black and its 1992 sequel Flashback.,"[57466, 57471, 29897, 59190, 30881]",594,23,20.887770000001638,963.2067050000046,984.0944750000062,0.0,0.33333333333333337
5a73b2cb55429908901be31a,"The members of the von Trapp musical group are related to which woman who wrote ""The Story of the Trapp Family Singers""?",Maria von Trapp,Maria von Trapp,"[57013, 57010, 57015, 57009, 57018]",608,4,22.347566000007646,313.589770999954,335.93733699996164,1.0,1.0
5abdf1fe55429976d4830a31,Peter Dhao created a websiteto reflect worldwide views. What was the slogan of the site he created ?,media for the 65.8 million,Media for the 65. 8 million.,"[60329, 34541, 31352, 61683, 43056]",734,11,22.91324700001951,604.2418970000085,627.155144000028,1.0,1.0
5ac11ee45542997d64295a7d,"Which is a black-and-white film, Flying Padre or Inside Job?",Flying Padre,Flying Padre,"[54970, 3631, 54971, 44324, 42270]",513,3,21.686162999969838,247.8959379999992,269.58210099996904,1.0,1.0
5ae37e525542992e3233c42d,When did the the Antonine who was known as the third of the five good emperors live?,24 January 76 – 10 July 138,117-138,"[61946, 61944, 61937, 61942, 61940]",677,7,28.67906099999118,442.5613360000398,471.24039700003095,0.0,0.25
5a84a5385542990548d0b2d9,"Tedrow, Ohio lies close to which 241. 26 mi highway? ",Ohio Turnpike,The Ohio Turnpike.,"[59435, 59434, 49413, 25299, 34934]",846,5,22.826986999973542,427.1753179999678,450.0023049999413,1.0,1.0
5a825da055429954d2e2eb17,Which style is the building located on the East Side of Midtown Manhattan that Robert Von Ancken appraised? ,Art Deco-style skyscraper,Art Deco,"[60921, 60916, 6462, 37489, 45692]",706,3,21.40835400001606,297.5730620000263,318.9814160000424,0.0,0.6666666666666666
5a77253455429972597f1449,"Who is older, Ivan Foster or Ian Paisley?",Ian Paisley,Ian Paisley was born earlier than Ivan Foster. Ian Paisley was born on 6 April 1926 while Ivan Foster was born on 1943.,"[45032, 45033, 59900, 28962, 59896]",589,36,21.965835999992578,1394.5154009999783,1416.4812369999709,0.0,0.16
5a7b73ad5542997c3ec9718c,1990 Film Lionheart stars this actor who is best known for what type of films?,martial arts action films,"Jean-Claude Van Damme starred in Lionheart, which is an action film released in 1990. Van Damme is best known for his work in martial arts action movies.","[59912, 8064, 49019, 26415, 61848]",785,40,24.73157600002196,1609.8375189999956,1634.5690950000176,0.0,0.19354838709677416
5ab82e195542992aa3b8c8a8,The Russian-British physicist who shared the Nobel Prize in Physics in 2010 has established a reserach center dedicated to continuing the work with graphene in what country?,Singapore,Singapore,"[61784, 61785, 38807, 61786, 31636]",622,1,21.660485000040808,210.6260259999999,232.28651100004072,1.0,1.0
5ac18b585542994ab5c67d76,What actor played the male lead in a teen comedy about a high school nerd directed by Steve Rash? ,Patrick Dempsey,Michael Copon,"[15028, 48774, 60069, 1573, 46605]",616,3,21.227250999970693,269.44402899999886,290.67127999996956,0.0,0.0
5abba4b4554299642a094af3,What is the middle name of the Silicon Valley entrepreneur disussed in the non-fiction book The Unwinding?,Andreas,Gates,"[56919, 36653, 12841, 36240, 56921]",636,2,21.5626809999776,244.38631499998564,265.94899599996324,0.0,0.0
5ab9d02155429970cfb8ebb0,Jared Has Aides was about the spokesperson for which company?,Subway,Subway restaurants.,"[60249, 17900, 43158, 59561, 44949]",550,4,21.66195099999868,285.35794900000155,307.01990000000023,0.0,0.6666666666666666
5add3acb5542990dbb2f7ddc,"Whose real-life story was the inspiration of the film which included the song ""We All Die Young""?","Tim ""Ripper"" Owens",Beyoncé,"[57050, 57054, 29860, 25092, 27993]",846,3,21.38621599999624,348.192814000015,369.57903000001124,0.0,0.0
5a7dc3275542997cc2c4749c,What stadium does the team who has Kent Baer as the defensive coordinator play its home games?,Sam Boyd Stadium,U.S. Bank Stadium in the Downtown East section of Minneapolis.,"[57022, 52831, 54229, 19018, 10446]",763,13,21.050306999995883,678.0105820000131,699.060889000009,0.0,0.15384615384615383
5aded1595542995ec70e8f29,Juhi Parmar who appears in colors TV's high rated mythological show shani which premiered on November 7 2013 was born when?,born 14 December 1980,14 December 1980,"[57447, 57450, 57455, 57454, 57452]",712,8,21.415670999999747,497.8804350000132,519.296106000013,0.0,0.8571428571428571
5a7f732d5542992e7d278d02,"Who was born first, Adrian McLaren or Ryan McLaren?",Adrian Peter McLaren,"Ryan McLaren was born first, on 9 February 1983.","[58453, 58448, 58452, 4187, 48807]",574,16,21.914399999957368,732.6112650000027,754.5256649999601,0.0,0.16666666666666666
5ac156d05542994ab5c67ce9,Was Cars 2 released by the same company which used songs written by Lin-Manuel Miranda in another of its movies?,yes,Yes,"[6520, 55373, 55379, 6519, 6522]",713,1,23.030777999963448,251.4451189999818,274.47589699994523,1.0,1.0
5a7195a05542994082a3e881,in what year did the Israeli presidential elections take place after the resignation of the seventh president of Israel?,2000,2000,"[39151, 37722, 23944, 37717, 39158]",799,4,22.913840000001073,375.0479260000361,397.9617660000372,1.0,1.0
5a8f25175542997ba9cb31ea,Who directed the film Leigha Kayleen Hancock is best known for?,Gary Ross,Randal Kleiser,"[33149, 58503, 50764, 40756, 31899]",564,4,21.355389000007108,290.77043400002367,312.1258230000308,0.0,0.0
5a7c68575542996dd594b91c,What was the sequel of the game that e was published by U.S. Gold in 1992?,Fade to Black,Flashback,"[57468, 57469, 57471, 14407, 51900]",702,2,22.277548999966257,262.82881100001987,285.1063599999861,0.0,0.0
5ab43b8a5542991779162c22,"Piano Concerto No. 6 in D major, Hess 15 is an unfinished piano concerto by a composer who passed away in which year ?",1827,1827,"[56549, 56548, 54585, 56551, 6910]",693,4,22.214548000022205,329.70558199997413,351.92012999999633,1.0,1.0
5a77ddb855429967ab1052d8,"The True Colors World Tour was by what artist whose debut album was ""She's So Unusual""?","Cynthia Ann Stephanie ""Cyndi"" Lauper",Cyndi Lauper,"[56586, 56583, 56587, 21624, 8237]",1048,5,21.772086999988005,497.71200399999316,519.4840909999812,0.0,0.5714285714285715
5a75e814554299109176e5c7,"Which Republican Chairman was born June 1, 1956? ",Gregg Harper,William Thad Cochran,"[9063, 60081, 50189, 32892, 32891]",810,5,21.95862900003931,426.62825299998985,448.58688200002916,0.0,0.0
5a755f0a5542996c70cfaee7,What show was Elena Shaddow in that was written by a relative of Richard Rodgers?,The Light in the Piazza,"""The Light in the Piazza""","[60148, 19378, 30346, 37466, 48870]",857,7,25.216062999959377,510.99927699999625,536.2153399999556,1.0,1.0
5a875154554299211dda2be7,Who founded the honky tonk that is at the center  of John Travolta's  third major acting role?,Mickey Gilley,Clint Eastwood,"[58573, 37659, 39820, 45728, 21234]",608,4,24.613349000048856,314.3573369999899,338.97068600003877,0.0,0.0
5a7e60a855429949594199ae,Christopher Nixon Cox is the son of an American politician who is currently the chairman of what?,New York Republican State Committee,The New York Republican State Committee.,"[60082, 60088, 32891, 14044, 52783]",441,7,21.3999000000058,345.67479399999,367.0746939999958,1.0,1.0
5a8a5dd055429970aeb702c7,"Domestic Disturbance stars an actor who voiced what character in ""Monsters, Inc.""?",Randall Boggs,Steve Buscemi,"[57578, 11939, 12833, 46734, 50427]",883,4,21.902355999998235,392.93928699999014,414.8416429999884,0.0,0.0
5ac375495542995ef918c1a3,"Ekaterina Alexeyevna Davydova skated with which 2006 Olympic champion, two-time World champion, three-time Grand Prix Final champion, and three-time European champion?",Roman Kostomarov,Tatiana Navka,"[58846, 48956, 58841, 58845, 58843]",594,5,22.60217200000625,340.55305900005806,363.1552310000643,0.0,0.0
5ac1b1345542994ab5c67dd0,Sinch when has the rank held by Sir Charles Comyn Egertong been the highest in the British Army?  ,1736,1736,"[38429, 61604, 19651, 38428, 23200]",731,4,22.850261000030514,359.47292399998787,382.3231850000184,1.0,1.0
5a84c4135542994c784dda31,Are Yingkou and Fuding the same level of city?,no,"No, Yingkou and Fuding are not the same level of city. Yingkou is a prefecture-level city, while Fuding is a county-level city.","[55589, 55590, 4341, 15385, 55588]",387,35,22.68655199998193,1305.8726479999905,1328.5591999999724,0.0,0.0909090909090909
5ac559bd5542993e66e82328,Horse the blind is known for nintendocore which emerged from hardcore punk and what genre?,heavy metal,Heavy metal,"[57398, 57397, 57394, 10358, 57399]",665,2,23.416529000087394,250.66169000001537,274.07821900010276,1.0,1.0
5ac3c10a554299204fd21e33,"""Call Me Mañana"" is a song by a group that has sold how many records?",over 30 million,76 million records.,"[57485, 47750, 48980, 28154, 47580]",813,5,27.71121100010987,409.9615029999768,437.67271400008667,0.0,0.3333333333333333
5a8661535542994775f60758,What schools of thought are drawn from in the academic discipline of Hafiz Rashid Khan?,postmodern schools of thought,"Postcolonialism, anti-military voice, tribal areas in Chittagong Hill Tracts, Sufism, Islamic mysticism, medieval Islamic history.","[62435, 61496, 38579, 20, 32667]",630,33,21.361953999985417,1318.6182540000573,1339.9802080000427,0.0,0.0
5a713f3c5542994082a3e6eb,Where does the train that runs from NYC and Miami station at in Florida?,Jacksonville station,New York City,"[60767, 60773, 11950, 3511, 25678]",658,3,21.734151000032398,285.2373250000255,306.9714760000579,0.0,0.0
5ab5dc44554299494045f089,What created the terrirtories of Kansas and Nebraska and was combated by the The Republican Party?,Kansas–Nebraska Act,The Kansas–Nebraska Act of 1854 created the territories of Kansas and Nebraska and was combatted by the Republican Party.,"[62484, 62483, 62489, 62488, 56863]",600,28,22.39251499997863,1143.8527029999932,1166.2452179999718,0.0,0.3
5a8b83bc55429949d91db5c0,"Bandit was built in 1988 by which Japanese amusement ride company that built roller coasters, giant wheels, carousels, flumes, dark rides, sky cycles and other amusement rides?",TOGO company,TOGO,"[61468, 61465, 61463, 30642, 31312]",530,2,21.511010000040187,217.70297600005506,239.21398600009525,0.0,0.6666666666666666
5a7d6a2d5542991319bc93c6,King of Norway Magnus Barefoot launched aggressive military campaigns in this region that was at times independent of external control and was known to the Norse as what?,Southern Isles,"Norse called it the ""Southern Isles"".","[59958, 40846, 59966, 59960, 59963]",1047,9,21.57953500000076,647.1072120000372,668.6867470000379,0.0,0.5714285714285715
5adf72d35542992d7e9f9369,Are William Kronick and Jon Turteltaub both television writers ?,no,No,"[56080, 56079, 7415, 51283, 17022]",428,1,21.740494000027866,136.5393009999707,158.27979499999856,1.0,1.0
5a8b922e55429949d91db5e6,What genre does Orkworld and John Wick have in common?,role-playing,Fantasy,"[56208, 56205, 7354, 7351, 56204]",624,2,21.290301000021827,234.75133099998402,256.04163200000585,0.0,0.0
5a8b8b3a5542995d1e6f13e5,What is the relationship between the singers on the album Tales of Old Grand Daddy?,brothers,Angus Young and Malcolm Young formed the Marcus Hook Roll Band which later became known as AC/DC.,"[57849, 45378, 57010, 1356, 33868]",504,21,26.277418000063335,863.270684999975,889.5481030000383,0.0,0.0
5ae005b555429942ec259bec,"In what year was the novel that Lourenço Mutarelli based ""Nina"" on based first published?",1866,1934,"[57207, 38185, 9088, 55614, 52753]",659,4,23.296535999975276,323.30569699990974,346.602232999885,0.0,0.0
5abb11c15542992ccd8e7ef8,Selena Quintanilla-Pérez's assistant and head of her fan club will be eligible for parole on what date?,"March 30, 2025","March 30, 2025","[56162, 56168, 56163, 56169, 56171]",992,10,22.376883999982056,656.6878969999834,679.0647809999655,1.0,1.0
5ab9180b5542991b5579f0f3,The Running Man Brothers is a South Korean pop duo. Kim Jong-kook is one member and he is from what country?,South Korea,South Korea,"[59593, 14268, 59589, 59588, 54024]",556,2,27.74797300003229,218.8544790000151,246.60245200004738,1.0,1.0
5a7dd9445542997cc2c474ac,"Which novelist, J. G. Farrell or Louis Aragon, wrote of the political and human consequences of his country's colonial rule?",Farrell,"J. G. Farrell wrote of the political and human consequences of British colonial rule through his series of novels titled the ""Empire Trilogy.""","[55119, 55122, 6383, 23888, 48271]",656,28,21.514956000032726,1147.0117689999597,1168.5267249999924,0.0,0.0909090909090909
5a8db9b3554299068b959dde,What animal does Mahratta Greyhound and Tibetan Spaniel have in common?,dog,Both the Mahratta Greyhound and Tibetan Spaniel originate in India/Tibet.,"[54721, 54719, 55828, 3059, 3811]",617,18,26.67482000003929,793.7969920000114,820.4718120000507,0.0,0.0
5adfba9555429942ec259b1e,The central figure used in the corporate branding of Singapore Airlines has been an element of it's marketing since what year?,1972,1972,"[58919, 58917, 58923, 45239, 14926]",528,4,21.72904299993661,279.96110600008706,301.69014900002367,1.0,1.0
5ab69f9a554299710c8d1ef8,"The fictional private detective that appears in ""The Adventure of the Seven Clocks"" what written by whom?",Sir Arthur Conan Doyle,Adrian Conan Doyle and John Dickson Carr,"[60307, 12298, 54600, 12306, 48173]",467,9,21.632022999938272,433.7019029999283,455.33392599986655,0.0,0.36363636363636365
5ae4627d5542991a06ce9a4d,The author of Sexual Politics attended which British University?,Oxford,Oxford University,"[59108, 59100, 51014, 10856, 6383]",674,3,21.165039000038632,286.92716099999416,308.0922000000328,0.0,0.6666666666666666
5ac2bbd0554299218029db09,The author of The Thing of It Is... is what Nationality?,American,American,"[61527, 31056, 33705, 843, 61533]",540,1,21.696043000019927,177.29828100004852,198.99432400006845,1.0,1.0
5ab30d1155429976abd1bc3d,Who was the leading actor of the Christmas movie that Rebecca Forstadt did background voices for?,Tim Allen,Patrick Stewart,"[35552, 62239, 38102, 24163, 61277]",1109,2,21.673011999951086,425.21659200008344,446.8896040000345,0.0,0.0
5ab84dea55429934fafe6d4f,Were H. G. Wells and Rubén Darío both English?,no,No,"[55808, 55807, 55805, 55809, 55804]",479,1,22.053783999922416,169.10188899998957,191.15567299991199,1.0,1.0
5a7c38c955429935c91b5132,"What characteristic meaning it's transferable between species, does monkeypox and cowpox virus both share?",zoonotic,"Both monkeypox and cowpox viruses are zoonotic, meaning they can be transferred between different species.","[62218, 62223, 62219, 62217, 22503]",867,23,26.265646999945602,1053.736105999974,1080.0017529999195,0.0,0.125
5a7e6df35542997cc2c47544,What was the other name of the textile mill on which The Mill was based on?,Styal Mill,Converse Mill,"[58585, 58583, 58582, 38982, 27434]",785,3,21.04873099995075,344.94607400006316,365.9948050000139,0.0,0.5
5a77769e5542997042120a65,"When Budweiser created a dog mascot to promote Bud Light in the 1980s, which rival brewer (with its own character Alex the Dog) were they competing with?",Stroh's,Stroh's Beer,"[61423, 61422, 61421, 61419, 11751]",637,5,31.28017300002739,348.5721659999399,379.8523389999673,0.0,0.8
5a77f2af5542995d83181333,"Who was born first, Grigory Margulis or Leonid Levin?",Gregori Aleksandrovich Margulis,"Grigory Margulis was born first, on February 24, 1946.","[55017, 55016, 6910, 62214, 55012]",801,21,25.786541000002217,961.9680939999853,987.7546349999875,0.0,0.16666666666666666
5a8765ad5542996e4f3087cf,"Who is affiliated with more countries as a director, Robert Florey and R. G. Springsteen?",Robert Florey,"Robert Florey is affiliated with France and the United States as a director, while R. G. Springsteen is affiliated with the United States.","[55618, 1156, 438, 46541, 55395]",371,29,22.11585500003821,1073.821252000016,1095.9371070000543,0.0,0.18181818181818182
5a80a7f6554299485f598680,Abraham Lincoln Neiman and his wife Carrie Marcus Neiman cofounded Neiman Marcus with Carrie's brother Herbert in which American city in 1907?,Dallas,"Atlanta, Georgia.","[62280, 62282, 62276, 62275, 62283]",816,4,22.481991000063317,382.38808599999174,404.87007700005506,0.0,0.0
5ab7452b5542992aa3b8c806,Brahmarshi Vishwamitra is a 1991 film produced & directed by a man that served as Chief Minister of Andhra Pradesh for how many years?,seven,Seven years.,"[61450, 61448, 61452, 61447, 54991]",845,3,22.31409800003803,352.1818979999125,374.49599599995054,0.0,0.6666666666666666
5abffd10554299012d1db556,What Italian region does Slinzega come from?,Lombardy,Valtellina,"[59955, 34119, 2280, 2276, 8534]",747,3,20.976051000047846,327.13803999990887,348.1140909999567,0.0,0.0
5ab1f494554299706120959c,"Which industrialist established a museum in Heckscher Park that features ""First Friday"" concerts?",August Heckscher,August Heckscher,"[57195, 57198, 59870, 59879, 59876]",476,4,22.948880000058125,279.86708600008114,302.81596600013927,1.0,1.0
5a74f63e5542993748c89758,A Troll in Central Park and All Dogs Go to Heaven were both directed by which person?,Don Bluth,Don Bluth,"[60029, 60030, 60033, 60028, 60032]",889,3,22.13563299994803,362.5376840000172,384.6733169999652,1.0,1.0
5ade79335542997c77adee38,"The Ran Paul presidential campaign, 2016 event was held at a hotel on what river?",Ohio River,Mississippi River,"[56507, 22583, 32616, 50185, 59561]",775,3,21.543701000041438,332.29906899998696,353.8427700000284,0.0,0.5
5a7734ce5542993735360217,What was Randy Shughart's rank when he died?,Sergeant First Class,Master Sergeant,"[62126, 62127, 62128, 11956, 11952]",629,2,21.774403999984315,240.89629399998103,262.67069799996534,0.0,0.4
5abed7d75542990832d3a0f7,SR connector is based on the connector that is often used for what type of cable?,coaxial,BNC connector.,"[60419, 60416, 60415, 60422, 6168]",444,4,22.145999999906962,244.10743299995374,266.2534329998607,0.0,0.0
5ae2090a5542997f29b3c214,Kieran Crichlow is a footballer from what island in the Lesser Antilles?,Barbados,Barbados,"[56981, 32639, 30967, 47602, 32635]",662,3,21.891315999937433,283.3526110000548,305.24392699999225,1.0,1.0
5ab2bc6b554299545a2cfa40,Pablo Jose Ozuna is the cousin of a Dominican professional baseball left fielder who made his MLB debut in what year?,2013,2013,"[60639, 60640, 60638, 20792, 60643]",609,4,21.776825999950233,313.46244700000625,335.2392729999565,1.0,1.0
5abef8fd5542990832d3a111,The evil clown is a subversion of the traditional comic clown character with the modern archetype popularised by a book that follows the experiences of how many children?,seven,seven,"[62724, 62728, 62723, 38595, 55079]",474,1,21.989010999959646,169.88712600004874,191.87613700000838,1.0,1.0
5ab3e577554299233954ffe3, Jaroslav Seifert and John McGahern were both part of what shared profession? ,writer,Literature,"[54886, 54888, 54887, 25244, 20425]",407,2,22.34721599995737,168.95018299999265,191.29739899995002,0.0,0.0
5a85441f5542997175ce1faa,A relative of the emu is native to which continent?,Africa,Australia,"[38842, 62044, 54036, 9422, 34776]",782,1,21.4769400000705,262.69157499996254,284.16851500003304,0.0,0.0
5a7dec305542995ed0d16679,"Which American filmmaker has directed more films, Jon Paul Puno or Ken Kwapis?","Kenneth William ""Ken"" Kwapis",Ken Kwapis,"[54522, 54526, 54520, 54519, 19710]",511,3,22.298674000012397,245.01424800007499,267.3129220000874,0.0,0.6666666666666666
5a7949d45542994bb9456fdd,"What is the Latin name for one of the five ""big cats"" that the word ""Panther"" may refer to when outside of the Americas?",Panthera pardus,Panthera pardus,"[58990, 58988, 23567, 57465, 52274]",655,5,22.5559579999981,368.7036860000035,391.2596440000016,1.0,1.0
5ae4563e5542996836b02c7f,"in 1999, Spirit Halloween LLC was purchased by a mall retailer that has how many stores in the United States and Canada ?",over 600 stores,Over 600 stores.,"[57358, 57352, 57356, 8224, 31316]",644,7,21.80801800000154,416.4323009999862,438.2403189999877,1.0,1.0
5ac11201554299294b21908c,What county is Ron Teachworth from?,Oakland County,"Rochester Hills, Michigan","[62101, 1856, 31526, 18667, 39068]",451,6,23.25041599999622,311.2369120000267,334.4873280000229,0.0,0.0
5ab442645542991751b4d70c,What type of the district is the Downtown Bentonville of the state in the southeastern region of the United States which is home to over 3 million people as of 2017?,business district,Historic business district,"[58926, 33045, 58930, 58925, 17526]",886,4,22.68596399994749,407.1517470000572,429.8377110000047,0.0,0.8
5ae6152d5542996de7b71b38,The Cat in the Hat was a comedy film directed by which production designer and director?,"Robert W. ""Bo"" Welch III",Mike Myers and Bo Welch,"[17557, 32736, 48353, 27206, 52807]",946,5,21.93876400008321,450.90443300000516,472.84319700008837,0.0,0.4000000000000001
5ade6b67554299728e26c71c,"Michael Pollock was was a senior officer in the United Kingdom's naval warfare force, also known as the what?",Royal Navy,Royal Navy,"[62889, 62891, 62890, 62888, 19650]",797,2,21.92768400004752,307.9853259999936,329.91301000004114,1.0,1.0
5a84bda45542992a431d1a96,Who was born in August and was a professor?,Fred MacMurray,Paul Dirac,"[15543, 31639, 30627, 3489, 26862]",670,3,20.780453000043053,282.2619940000095,303.04244700005256,0.0,0.0
5a89e85c5542992e4fca846f, WDAL is a country music radio station licensed to a city in what Georgia county?,Whitfield County,Whitfield County,"[59248, 29994, 59253, 59254, 35531]",393,4,21.221035000053234,239.21151599995483,260.43255100000806,1.0,1.0
5ac1bce45542994ab5c67def,Are Pothos and Tibouchina Aubl both flowering genus of plants?,yes,"Yes, Pothos and Tibouchina Aubl are both flowering genera of plants.","[54755, 4260, 54761, 50087, 54758]",670,18,28.44523399994614,805.6935490000114,834.1387829999576,0.0,0.16666666666666669
5a7b192855429927d897bf39,"Which filmmaker, Stan Brakhage or Alfred L. Werker, was a non-narrative filmmaker?",James Stanley Brakhage,Stan Brakhage,"[54740, 54742, 54743, 20425, 54741]",618,4,24.310747999948035,311.59742099998766,335.9081689999357,0.0,0.4
5a84b0705542991dd0999d86,Which 8-year old star of an epistolary novel turned musical by Alice Walker also voiced Frankie Greene in a Disney series?,Diamond White,Diamond White,"[41531, 56349, 6912, 26950, 31807]",1008,2,21.821638000005805,385.3572369999938,407.1788749999996,1.0,1.0
5aba902455429901930fa834,"Besides Jennifer Lawrence, Chris Pratt, Michael Sheen, and Laurence Fishburne, who else acted in the movie, ""Passengers?""",Gene Serdena,"Michael Sheen acted in the movie ""Passengers.""","[62619, 8179, 41327, 13169, 50766]",523,11,21.401241000035043,521.230834999983,542.6320760000181,0.0,0.0
5a7577145542996c70cfaf03,"Which park is larger, Timanfaya National Park or Sierra Nevada National Park?",Sierra Nevada National Park,Sierra Nevada National Park,"[56025, 47605, 56026, 56028, 56029]",862,5,22.316606999993382,428.9797039999712,451.2963109999646,1.0,1.0
5a7291c35542991f9a20c4f4,What movie was directed by Harold Ramis and stars Bill  Murray?,Groundhog Day,Groundhog Day,"[34169, 57209, 44366, 30451, 57213]",781,3,21.54966400007652,333.9492229999905,355.49888700006704,1.0,1.0
5ac2ada255429967731025f9,"Was Rudolf Schwarzkogler closely associated with the Viennese Actionism group, while Howard Zieff was an American television commercial director?",yes,Yes,"[54529, 54530, 48183, 61470, 15249]",423,1,22.0159100000501,138.7440849999848,160.7599950000349,1.0,1.0
5ab23d8a55429970612095c9,Which City in the Miami metropolitan area is home to the Primetime Race Group?,"Hollywood, Florida","Hollywood, Florida","[56128, 56126, 56127, 56682, 56130]",667,4,21.069841999974415,323.6954000000196,344.76524199999403,1.0,1.0
5ae364285542991a06ce99b3,What stye of Martial arts did Royler Gracie tutor Maurcio Villardo?,Brazilian jiu-jitsu,Brazilian Jiu-Jitsu,"[58741, 58743, 58739, 58747, 60393]",828,6,22.104275999936362,461.40675199990255,483.5110279998389,1.0,1.0
5ab864945542990e739ec8e1,Substorm was described in qualitative terms by a scientist nominated for what seven times?,Nobel Prize,Kristian Birkeland,"[61206, 61213, 13614, 52061, 16529]",721,5,22.325972999965416,396.22489900000346,418.5508719999689,0.0,0.0
5adcc7395542990d50227d13,"Which amusement park at Coney Island, Brooklyn, New York City,  without being the grandest, was the island's longest lasting?",Steeplechase Park,Steeplechase Park,"[56990, 56989, 56988, 56985, 56986]",826,6,21.450907000030384,465.1276480000206,486.578555000051,1.0,1.0
5ab726415542993667793f52,What type of group does Roses Are Red and Sleeping with Sirens have in common?,rock band,Rock band,"[55368, 55369, 55146, 3639, 55367]",698,2,22.13154100002157,259.94432800007417,282.07586900009574,1.0,1.0
5adec62a55429975fa854f89,"The song that came out ahead of The Wanted's ""Lightning"" on the UK Singles Chart was featured on which album?","""Talk That Talk""","""We Found Love""","[44294, 28321, 2984, 12210, 58039]",734,4,21.431259000110003,357.93191499999466,379.36317400010466,0.0,0.0
5a8b3c5b55429971feec4684,"Are Milk Lake, Taiwan and Larnaca Salt Lake both located in Asia?",no,Yes,"[55114, 55118, 39945, 8726, 39811]",581,1,21.503818000041974,189.6871710000596,211.19098900010158,0.0,0.0
5a8230af554299676cceb227,Have filmmakers Enrico Cocozza and Mira Nair both been nominated for awards for their work?,yes,"Yes, both Enrico Cocozza and Mira Nair have been nominated for awards for their work. Enrico Cocozza has won several awards, including prizes from the Scottish Amateur Film Festival, while Mira Nair has been nominated for the Academy Award for Best Foreign Language Film for her film ""Sala","[55171, 55164, 55395, 20425, 10737]",756,64,21.85232299996187,2494.114037000031,2515.966359999993,0.0,0.042553191489361694
5ab701395542991d3222373a,What  unincorporated town along the Amargosa River is near the Sarcobatus Flat?,Beatty,Bonnie Claire,"[56815, 56811, 56810, 52227, 18984]",588,3,22.68059400000766,271.5617180000436,294.24231200005124,0.0,0.0
5ab72a025542992aa3b8c7b8,"""A Summer in the Cage"" and ""American Hardcore"" are both what kind of film?",documentary,documentary,"[55394, 55065, 4824, 4831, 55151]",620,2,21.574812999915594,243.74001800003953,265.3148309999551,1.0,1.0
5ab3b2fb554299753aec59af,"When did the man for whom St Vincents Hall, Grantham was built found his eponymous company?",1828,1868,"[62859, 59566, 12016, 12109, 26936]",546,4,22.190808000004836,287.3135510000111,309.50435900001594,0.0,0.0
5ab9587d55429970cfb8ea7e,About whose assassination is the French novel HHhH based?,Reinhard Heydrich,Reinhard Heydrich,"[61119, 61116, 8037, 48276, 48837]",691,6,21.243808000008357,397.9899530000921,419.23376100010046,1.0,1.0
5a7a567255429941d65f25bd,What was Iqbal F. Qadir on when he participated in an attack on a radar station located on western shore of the Okhamandal Peninsula?,flotilla,A Vice-Admiral,"[62033, 46022, 19213, 55236, 23581]",625,6,21.181523999985075,394.1197569999986,415.30128099998365,0.0,0.0
5ab3bcc55542992ade7c6e66,In which election did Norm Coleman won to become the last republican elected as of 2017?,2002,2002,"[57758, 22583, 57761, 57759, 53973]",567,4,22.324943999933566,298.4301340000002,320.75507799993375,1.0,1.0
5ab2958a554299449642c911,3:10 to Yuma starred what American actor also known for his role as Hoban Washburne?,Alan Tudyk,Russell Crowe,"[7242, 57135, 12740, 27556, 6884]",825,4,21.583898000017143,391.68346200006,413.26736000007713,0.0,0.0
5adcf83855429947343537e1,Where in London was the 2012 Olympic event featuring athletes such as Katsuaki Susa held?,ExCeL Exhibition Centre,ExCeL Exhibition Centre,"[8316, 58789, 58791, 50694, 58417]",518,5,21.388916999967478,313.9910149999423,335.3799319999098,1.0,1.0
5abeebe25542993fe9a41d9c, Season of Migration to the North  is a counter narrative to a novella by what Polish-British novelist?,Joseph Conrad,Joseph Conrad,"[62209, 62205, 41687, 54600, 1376]",706,2,20.90006200000971,261.8676330000653,282.76769500007504,1.0,1.0
5add016e5542992c1e3a250b,What made the man who abolished the Consell in 1718 resume the throne?,upon his son's death,Philip V,"[62254, 58378, 7880, 34744, 44585]",703,2,22.229678999906355,262.95045999995637,285.1801389998627,0.0,0.0
5a711cb45542994082a3e59f,"Who has won more Grand Slam women's doubles titles, Lisa Raymond or Liezel Huber?",Liezel Huber,"Liezel Huber has won more Grand Slam women's doubles titles than Lisa Raymond. Huber has won four Grand Slam titles in women's doubles, compared to Raymond's six Grand Slam titles in women's doubles.","[1511, 54547, 54542, 54548, 54545]",477,43,22.107761000029313,1599.2707760000258,1621.378537000055,0.0,0.10256410256410257
5a8d0efd5542994ba4e3dbc6,The competition Lev Oborin won in 1927 is held in what city?,"Warsaw, Poland",Moscow,"[60608, 32393, 9702, 8309, 9192]",844,2,21.768738999980997,325.65576500007865,347.42450400005964,0.0,0.0
5a84eecd5542994c784dda8e,What type of group does Pablo Carballo and Argentine Air Force have in common?,military,Military organization,"[58331, 58333, 58330, 32626, 35570]",427,2,22.28197200008708,173.9952660000199,196.277238000107,0.0,0.6666666666666666
5ac1b6845542994d76dccecb,Are Jon Krakauer and M. P. Shiel both writers?,yes,"Yes, Jon Krakauer and M. P. Shiel are both writers.","[55281, 55278, 4150, 55285, 15375]",561,16,20.798376000016106,700.0899619999927,720.8883380000088,0.0,0.18181818181818182
5a88658955429938390d3f47,Rostker v. Goldberg held that the practice of what way of filling armed forces vacancies was consitutional?,Conscription,men to register for the draft.,"[56645, 56650, 38671, 31734, 5726]",730,7,22.237731999894095,470.6843740000295,492.9221059999236,0.0,0.0
5a83a30a5542992ef85e2339,"In which division does this team, for which Kyle Skipworth played a catcher, compete?",East division,National League (NL) East division.,"[57412, 61372, 7852, 27598, 10248]",517,8,21.928067999965606,420.54931299992404,442.47738099988965,0.0,0.5714285714285715
5ab2861b554299449642c8df,"What American politician from Tennessee born December 13, 1943 is related to former United States Congressman Harold Ford Jr. as well as former Congressman Harold Ford Sr.",Emmitt H. Ford,Emmitt H. Ford,"[61808, 61813, 32074, 61811, 38177]",622,5,21.524731999988944,351.07077500003925,372.5955070000282,1.0,1.0
5ab31fea554299194fa9356a,When was the second album by Jason Daunt's band released?,"May 4, 2004",2001,"[61200, 53302, 50393, 56798, 12096]",803,4,23.81500799992864,382.1205720000762,405.93558000000485,0.0,0.0
5ae47cab5542996836b02cb9,In what league does the team play that has Marko Dmitrović as a player ?,La Liga,Spanish league,"[57602, 33230, 43689, 52848, 11242]",724,2,21.59694500005571,290.1886040000363,311.78554900009203,0.0,0.0
5a8e0a005542995085b373a1,Bordan Tkachuk was the CEO of a company that provides what sort of products?,IT products and services,"Electronics, computers, and online services.","[59748, 17233, 59804, 19080, 21346]",521,9,21.906764000050316,459.7900139999638,481.6967780000141,0.0,0.4444444444444445
5adc0e395542996e685252c1,Dum Dum Motijheel College is located in the capital of West Bengal?,Kolkata,"No, Dum Dum Motijheel College is not located in the capital of West Bengal. It is situated in Kolkata, which is the capital of West Bengal.","[57615, 57611, 57607, 57613, 57609]",661,32,21.680542000012792,1329.7293020000325,1351.4098440000453,0.0,0.07999999999999999
5a7f87755542994857a76769,Belle Gold is a fictional character portrayed by an actress of what nationality?,Australian,American,"[58537, 26571, 45148, 24281, 11887]",729,1,22.03607900003135,255.3264030000264,277.36248200005775,0.0,0.0
5a7385c45542992d56e7e359,"Who was born first, British novelist Doris Lessing or American writer Philip K. Dick?",Doris May Lessing,"Philip K. Dick was born first, with his birth date being December 16, 1928.","[1375, 55442, 3175, 880, 3406]",597,24,22.774047999973845,998.8195700000233,1021.5936179999972,0.0,0.0
5a83a7e15542992ef85e2347,Who voices Homer Simpson's character on the animated television series? ,Daniel Louis Castellaneta,Dan Castellaneta,"[59195, 36011, 62077, 35319, 53320]",717,4,21.35288900001342,364.3142960000887,385.6671850001021,0.0,0.4
5a7baae2554299042af8f794,By what name is the King that Gothard Wilhelm Butler was captain of the guard for known in Poland?,Jan Kazimierz,Władysław II Jagiełło,"[56512, 62804, 56511, 12437, 22655]",968,9,21.531495000090217,607.0147389999647,628.5462340000549,0.0,0.0
5ab8a7f65542991b5579efca,"The city in which the Disney Resort & Spa, Aulani is located in, is colloquially known as what?","the ""second city"" of Oahu",Honolulu,"[8423, 58815, 30321, 16987, 7764]",738,2,21.420327999976507,295.42695999998614,316.84728799996265,0.0,0.0
5a8ea7f25542995085b37468,Are The Limousines and Faith No More from the same state?,yes,No,"[114, 29286, 4841, 54581, 54577]",785,1,22.27167399996688,269.2854749999469,291.5571489999138,0.0,0.0
5a79c1095542996c55b2dc62,"Who died first, Chester Erskine or Sam Taylor?",Sam Taylor,"Sam Taylor died first, as indicated by the dates provided in Document 2, which show that Sam Taylor died on March 6, 1958, while Chester Erskine died on April 7, 1986.","[56055, 56051, 5411, 5110, 19068]",493,50,21.97552400002678,1891.8905460000133,1913.86607000004,0.0,0.125
5abac89d55429901930fa8b5,How many Golden Globe Awards did this English retired actress whose career has spanned over six decades and who appeared in the two-act drama Moby Dick—Rehearsed by Orson Welles?,two Golden Globe Awards,Two,"[48748, 59505, 58008, 41756, 13669]",564,1,23.96348100000978,195.96655999998802,219.9300409999978,0.0,0.4
5ac3ac8255429939154138ad,APB and Sleeper are both from britain?,yes,Yes,"[55143, 55146, 17941, 61249, 14979]",478,1,22.41302499999165,169.83072000004995,192.2437450000416,1.0,1.0
5a87106555429960ec39b71f,"Susanna Thompson appeared in the courtroom drama film Ghosts of Mississippi, directed by who?",Rob Reiner,Rob Reiner,"[45862, 50230, 41593, 26467, 39440]",790,3,22.04060299993671,343.65477300002567,365.6953759999624,1.0,1.0
5abfdc185542994516f45513,The chairman of Westfield Corporation has a son who holds a Bachelor's degree in what?,Bachelor of Commerce,Commerce,"[59363, 59357, 62275, 36653, 36657]",464,1,22.372648999976263,167.6924070000041,190.06505599998036,0.0,0.5
5ab3bd7d55429969a97a819f,Which team featured in both the 2012 and 2011 Cops del Rey Finals ?,Barcelona,Barcelona,"[61192, 54393, 61189, 44060, 11242]",868,2,21.471081999948183,330.3030869999475,351.77416899989566,1.0,1.0
5ae5fd395542996de7b71ab3,"What is the size of the archaeological site which is in the hamlet of the Guilderland in Albany County, New York?",2 acre,Approximately 2 acre in size.,"[56413, 56414, 13722, 56411, 56418]",312,8,21.30663100001584,352.12214299997413,373.42877399998997,0.0,0.5714285714285715
5a8e61165542995085b3741a,What is the architectural distinction of the hotel whose owner and chief developer is Frank Augustus Miller?,largest Mission Revival Style building in the United States,"The architectural distinction of the hotel whose owner and chief developer is Frank Augustus Miller is that it is the Mission Inn in Riverside, California, United States, known for being one of the oldest continuously operating hotels in the United States.","[56844, 9391, 4454, 9814, 9831]",655,46,22.083210000005238,1769.726472000002,1791.8096820000073,0.0,0.1818181818181818
5abd001d5542993a06baf9f2,The Westchester Knicks are a basketball team in a minor league basketball organization that was known as what from 2001 to 2005?,National Basketball Development League,National Basketball Development League (NBDL),"[56191, 35338, 54388, 61372, 42347]",698,9,21.40540300001703,510.09043600004134,531.4958390000584,0.0,0.888888888888889
5ae6808f5542995703ce8b6b,Which is the Birthplace of Sir Isaac Newton and has a neighboring village called Belvor?,Woolsthorpe,Woolsthorpe-by-Colsterworth,"[54242, 54245, 54247, 51390, 9778]",574,9,21.068268000021817,471.58382199995685,492.65208999997867,0.0,0.5
5ae5b81d5542990ba0bbb2c2,"Which of Aaron Goodwin client was born in May 31, 1984?",Nate Robinson,Damon Stoudamire,"[8916, 9690, 59062, 12708, 43242]",677,6,23.939753999911773,399.78330600001755,423.7230599999293,0.0,0.0
5ab3eac5554299753aec59ec,Which season did Brain Billick coach the Baltimore Ravens though in 2001?,6th season,2001 Baltimore Ravens season,"[58185, 58193, 58187, 58192, 31815]",589,7,21.716505999961555,402.3966150000433,424.11312100000487,0.0,0.3333333333333333
5ae7473f5542991bbc9761d2,What is the estimated population of the city in which the suburb of Beaumont is located ?,"44,300","114,300","[56316, 56315, 51381, 10627, 30569]",773,7,21.8719989999272,475.6640089999564,497.5360079998836,0.0,0.5
5a8ba9d255429971feec4759,Camp Courtney was named after the Major killed in action at the battle codenamed what?,Operation Iceberg,Battle of Okinawa,"[62505, 5592, 50050, 62052, 62508]",738,5,22.223610000082772,396.81518500003676,419.03879500011953,0.0,0.0
5ae826675542997ec2727733,The Heart Never Lies is an album by the author of a state ballad entitled what?,The Land of Enchantment,Michael Martin Murphey,"[62466, 62469, 62472, 62467, 29286]",688,5,21.503686000073685,386.0554489999686,407.55913500004226,0.0,0.0
5ab26b60554299449642c898,"The brewing company known for making Genny Light, a beer with only 100 calories per 12 ounce portion, and located along the Genesee River, was formerly known by what brewery name?",High Falls Brewery,Genesee Brewing Company,"[61186, 61184, 51120, 50832, 54272]",603,5,28.07114199993066,344.8184259999607,372.88956799989137,0.0,0.0
5ade4fcc5542997c77adeded,"Multiculturalism in the Netherlands reached new heights following the murder in 2002, in part, with what Dutch politician, civil servant, socialogist and professor who formed his own party?","Wilhelmus Simon Petrus Fortuijn, known as Pim Fortuyn",Pim Fortuyn,"[58638, 58634, 38148, 31586, 42548]",748,5,22.383840999964377,413.56689100007316,435.95073200003753,0.0,0.4
5adc294c5542996e685252cf,Which university's teams with a mascot called Stomper began competing in the Northern Sun Intercollegiate Conference in 2008?,Minnesota State Mavericks,"Minnesota State University, Mankato","[58317, 58320, 58322, 58324, 58321]",580,7,21.702688000004855,410.2224240000396,431.92511200004446,0.0,0.5714285714285715
5ade66e1554299728e26c713,"What years did Jose Gonzalo Rodriguez Gacha and other leaders of fthe Medallin Cartel operate in Boliva, Colombia, Central America, Peru, the United States, Canada, and Europe?",1970s and 1980s,1970s and 1980s,"[57460, 57458, 25822, 57459, 57464]",877,12,22.10141399996246,676.1956899999859,698.2971039999484,1.0,1.0
5a7b895c5542997c3ec97206,The head writer for which show also wrote a Simpsons' episode narrated by James Earl Jones?,Futurama,"""The Simpsons""","[58358, 53320, 58355, 62077, 42619]",685,3,22.335788000077628,295.98059300008117,318.3163810001588,0.0,0.0
5abd05e655429965836004f1,What was the companion piece that Poe's brother published?,"""The Whalestoe Letters""","""How to Write a Blackwood Article""","[23917, 12289, 62370, 4364, 4370]",546,8,21.92652700000508,426.6886099999283,448.6151369999334,0.0,0.0
5adea61155429939a52fe922,What was the Canadian movie called in Italy that stared a professional American football defensive end of the National Football League along with Michael Ironside?,Anno 2053,The Man in the Iron Mask (1998 film),"[42830, 4152, 45594, 50706, 18304]",748,13,22.394639000026473,677.2567699999854,699.6514090000119,0.0,0.0
5ae15e125542990adbacf773,In between Berghuis v. Thompkins and Mississippi University for Women v. Hogan which one was a  case decided 5-4 by the Supreme Court of the United States?,Mississippi University for Women,Mississippi University for Women v. Hogan,"[54558, 54564, 21159, 53931, 5722]",577,8,22.154843999942386,445.4685900000186,467.623433999961,0.0,0.8
5ac29da5554299218029dac3,Which band My Darkest Days or Human Drama had only one constant member?,Human Drama,My Darkest Days,"[55729, 55730, 51301, 55732, 55725]",414,4,21.922194000012496,242.6299100000051,264.5521040000176,0.0,0.0
5a7349125542994cef4bc505,Baadshah is an Indian action comedy film that was inspired by what Hong Kong action movie starring Jackie Chan and Richard Norton?,Mr. Nice Guy,Mr. Nice Guy,"[58973, 58975, 5901, 58972, 8940]",790,4,21.166134000054626,375.8898280000267,397.0559620000813,1.0,1.0
5ae22b8d554299234fd0440f,What was the father of Kasper Schmeichel voted to be by the IFFHS in 1992?,World's Best Goalkeeper,Peter Schmeichel,"[58113, 58119, 43690, 58115, 33423]",549,4,21.703148000028705,294.76793900005305,316.47108700008175,0.0,0.0
5ae30d4b55429928c42395cc,"Besides acting in things such as Home Free, what else did Marian Mercer do?",and singer.,Singing,"[58466, 58472, 43561, 10521, 27699]",521,2,21.47710700000971,213.73674700009815,235.21385400010786,0.0,0.0
5a76c98855429972597f13d0,Near what ocean does the highway carried by the Long-Allen bridge terminate near?,the Atlantic Ocean,Atlantic Ocean,"[38050, 57971, 9932, 36615, 41874]",1067,2,22.4665890000324,409.46252999992794,431.92911899996034,1.0,1.0
5ac471a5554299194317399a,"When was the Austrian ""Schutzstaffel"" (SS) officer born based on who's life Schapira co-authored a book?",8 April 1912,"March 16, 1911","[61023, 46888, 18331, 55006, 48606]",726,10,21.681421999915074,566.5310629999567,588.2124849998718,0.0,0.0
5ab2b7c1554299166977406a,What was the name of the lawyer who took the main role in the report that helped land Pete Rose a lifetime suspension from baseball?,John M. Dowd,John M. Dowd,"[62498, 62495, 62497, 62496, 62499]",694,5,21.523584999954437,362.88562400000046,384.4092089999549,1.0,1.0
5adc035c554299438c868d04,What was the birth name of the ex-slave abolitionist featured in the art installation The Dinner Party?,Isabella (Belle) Baumfree,Solomon Northup,"[57215, 30020, 22721, 56529, 26862]",912,4,21.62883599999077,407.01693000005434,428.6457660000451,0.0,0.0
5ae1d52f554299234fd04315,Thursday Night Showcase is sponsored by the firm that is headquartered in what city?,"Baltimore, Maryland",New York City.,"[47207, 9142, 59261, 46979, 29142]",734,4,21.95433300005334,359.20318199998746,381.1575150000408,0.0,0.0
5ab87b2955429934fafe6df4,"Who was the writer of the Tamil-language romantic thriller film in which ""Pookkalae Sattru Oyivedungal"" is a song?",Shankar,"A. R. Rahman wrote the Tamil-language romantic thriller film in which ""Pookkalae Sattru Oyivedungal"" is a song.","[62355, 62359, 62360, 14580, 62354]",744,31,21.69916400009697,1303.934154999979,1325.633319000076,0.0,0.0
5a77cb5e55429967ab1052a7,"The voice of Homer Simpson also voices what alien character in the television series ""The Simpsons""?",Kodos,Kang and Kodos,"[59195, 21001, 35319, 62077, 59197]",797,5,22.376810999958252,410.78437300006954,433.1611840000278,0.0,0.5
5adc7f4a5542994650320d28,How many cards can a player choose from to be part of their hand in the card game that was the culmination game of the United States Poker Championship?,seven,Five cards.,"[59421, 59424, 59417, 11531, 57333]",798,3,21.845762999987528,349.74320399999215,371.5889669999797,0.0,0.0
5a7f40de5542992e7d278cc8,What star if the Burbs was Canadian?,"Richard ""Rick"" Ducommun",Tom Hanks,"[37205, 46604, 53967, 37909, 27703]",640,3,21.337964000053944,279.45480599998973,300.7927700000437,0.0,0.0
5ae721c15542996d980e7cbc,Raúl Arellano played for Mexico in which football tournament in 1954?,FIFA World Cup,1954 FIFA World Cup,"[59310, 59306, 42724, 20851, 9192]",575,7,21.69772100000955,406.14747400002216,427.8451950000317,0.0,0.8571428571428571
5a83d0ed5542996488c2e4e7,Triangle Brewing Company was started by a founder who had experience as what non-commercial alcohol producer?,homebrewer,Flying Fish Brewing Company,"[60410, 54275, 54277, 11751, 34232]",623,4,26.088285999890104,315.1137289999042,341.2020149997943,0.0,0.0
5abaf6865542996cc5e49f3c,"What role did Thomas Doherty play in sitcom based on the Israeli series ""North Star""?",Sean,Zander,"[58183, 31237, 38324, 26150, 50744]",622,2,24.682977999987088,244.81252999999015,269.49550799997724,0.0,0.0
5ae5bcbd55429960a22e0324,When is the football club which Stan Spinks played for founded,in 1902,Hawthorn Football Club,"[58222, 31048, 32237, 37839, 37834]",672,6,23.162028000001555,394.88739800003714,418.0494260000387,0.0,0.0
5ae1dac85542997283cd229a,"For which football club, established in 1949, did Mitch Duggan have a loan spell prior to joining Tranmere Rovers?",Warrington Town Football Club,Warrington Town,"[56319, 56320, 26828, 56327, 22356]",791,4,22.222313999918697,384.898647,407.1209609999187,0.0,0.6666666666666666
5a72814f5542994cef4bc2eb,The American Astronomical Society presents an award named after what New Zealand astronomer?,Beatrice Tinsley,Beatrice Muriel Hill Tinsley,"[57373, 57368, 32251, 57371, 57369]",576,9,21.167865999927926,476.71158600007857,497.8794520000065,0.0,0.6666666666666666
5adc020e55429947ff1738b4,The Death Camp of Tolerance is an episode from an animated television series that was created by which two people?,Trey Parker and Matt Stone,Trey Parker and Matt Stone,"[60583, 60580, 46193, 57062, 57067]",732,6,22.765747999983432,433.9485389999709,456.7142869999543,1.0,1.0
5a8d6d4e554299441c6b9fdb,"Lost Kingdom Adventure is a dark ride located at four Legoland theme parks, including which park, which is the original Legoland park, that was opened on June 7th, 1968?",Legoland Billund,Legoland Billund,"[56197, 56198, 56196, 31315, 56200]",514,4,22.828376000006756,285.60897499994553,308.4373509999523,1.0,1.0
5abd848455429924427fd03a,Are Edward F. Cline and Floyd Mutrux both screenwriters?,yes,No,"[6100, 1278, 59768, 55933, 55395]",340,1,21.981904999961444,120.62973600006899,142.61164100003043,0.0,0.0
5a7f9cb55542995d8a8ddec1,IN what year were both Franz Ferdinand and Sunrise Avenue formed?,2002,2002,"[55668, 55677, 55670, 55675, 55673]",822,4,21.24594099996102,380.9457669999574,402.19170799991844,1.0,1.0
5a74581555429979e2882912,"What Japanese Auto Manufacturer headquarted in Minato, Tokyo, Japan did Nissan aquire controlling interest in?",Mitsubishi,Mitsubishi,"[56951, 56954, 8203, 8202, 62007]",628,3,21.79615099998955,280.59982799993577,302.3959789999253,1.0,1.0
5a904b0c5542995651fb510e,"""Up There Down There"" is a rock song written by an american guitarist who married a fellow rock musician by the name of what?",Patti Smith,"Fred ""Sonic"" Smith married Patti Smith.","[10366, 3545, 59720, 12787, 45429]",713,11,22.09085699996649,592.2722679999879,614.3631249999544,0.0,0.5
5adf1c3f5542993a75d263ec,In which six Western European territories have Celtic languages or cultural traits survived?,"Brittany, Cornwall, Ireland, Isle of Man, Scotland and Wales.","In Western Europe, Celtic languages or cultural traits have survived in six territories: Ireland, Scotland, Wales, Cornwall, Brittany, and parts of the United Kingdom.","[61011, 61010, 16739, 61007, 61009]",491,32,21.61098800002037,1245.0183119999565,1266.6292999999769,0.0,0.43750000000000006
5ab865235542992aa3b8c8db, Lucas da Silva Carvalho was an unused reserve runner for a Brazilian athletics track event which at top class events is run in lanes for the first what?,500 metres,500 meters,"[58672, 37144, 58676, 37143, 58674]",494,4,22.207871000091473,279.10983500009934,301.3177060001908,0.0,0.5
5ac213805542992f1f2b37e7,"When did the animated series Kent Scott wrote end after beginning in September of 2002 on ""Nick on CBS""?",November,November of that year.,"[9685, 57291, 27542, 57286, 62538]",730,5,22.025126000016826,394.38409900003535,416.4092250000522,0.0,0.4
5ae791cf55429952e35ea978,"The English company behind the British Rail Class D1/3 locomotive, Ruston & Hornsby is now a part of what German company?",the Siemens group,Siemens,"[58498, 58496, 58493, 62865, 58497]",511,2,21.279063000065435,212.11626499996328,233.3953280000287,0.0,0.6666666666666666
5ab92f52554299131ca422a9,"Of what ethnicity is the founder of the Orchestra which debuted on January 1, 1988?",Dutch,"Johann Strauss II, also known as Johann Strauss the Younger, was born into a Jewish family in Vienna, Austria. As a result, he was ethnically Austrian.","[60448, 7470, 16288, 14066, 25244]",483,36,21.506391999992047,1376.2368210000204,1397.7432130000125,0.0,0.0
5ae0847455429945ae959394,Are Hanafuda and Okey both card games?,no,"Yes, Hanafuda and Okey are both card games.","[55560, 55556, 49261, 32135, 48499]",836,13,21.466314000008424,692.1201019999899,713.5864159999983,0.0,0.0
5a8ee2855542995a26add550,Eusebio Valli studied alongside a physician who was the pioneer of what field?,bioelectromagnetics,Bioelectricity.,"[60384, 60380, 26306, 30627, 38303]",624,4,22.009120000006988,310.61930799990023,332.6284279999072,0.0,0.0
5ae1fb7a554299234fd04383,What is the home town of a woman who guest-starred on Thug Mentality 1999?,Memphis,"Hackney, East London.","[57028, 57031, 12026, 44818, 25000]",683,6,21.55364300006113,393.9114359999394,415.4650790000005,0.0,0.0
5a8c9e7c554299653c1aa0d1, I Am... Yours was the first residency show by Beyonce held at what hotel in Las Vegas connected to Wynn ,Encore Las Vegas,Encore at Wynn Las Vegas,"[60538, 10697, 60540, 10692, 60533]",508,7,21.086377000074208,409.187395999993,430.2737730000672,0.0,0.7499999999999999
5ae1e4e2554299492dc91bab,"Which football club did Michael Whitham briefly manage in Lincolnshire, England?","Gainsborough Trinity Football Club is a football club based in Gainsborough, Lincolnshire, England.",Gainsborough Trinity,"[59735, 36527, 41992, 37795, 17549]",349,4,27.101339000068947,229.0675960000499,256.16893500011884,0.0,0.2857142857142857
5a8caf1d554299585d9e3720,Were both of the following rock groups formed in California: Dig and Thinking Fellers Union Local 282?,yes,Yes,"[3783, 54516, 11, 16150, 3778]",412,1,22.2323119999146,135.07256800005507,157.30487999996967,1.0,1.0
5a77d3f555429967ab1052c5,Who starred in Smurfs: The Lost Village and was also in The Office?,Ellie Kemper,Demi Lovato starred in Smurfs: The Lost Village and was also in The Office.,"[57074, 34306, 50744, 36833, 28464]",720,20,22.655321000002004,908.712105999939,931.367426999941,0.0,0.0
5a8e3f2d5542995a26add48f,Black Star is the debut fragrance by a singer-songwriter that has sold approximately how many albums worldwide?,40 million,Over 135 million.,"[60409, 24812, 41885, 4871, 13335]",823,7,21.871416000067256,488.3747679999715,510.24618400003874,0.0,0.4
5ac29f58554299657fa28fe4,"The figure skater who was coached to Olympic, World, and national titles by Richard Callaghan was born in what year?",1982,1996,"[59011, 8855, 58845, 59014, 60742]",694,4,21.415915000034147,344.2698479999535,365.6857629999877,0.0,0.0
5a8e08d35542995085b37395,Anna Lewandowska is married to a footballer who plays for what club?,Bayern Munich,Bayern Munich.,"[61841, 61842, 53205, 18352, 48807]",534,4,22.558297000045968,297.05836800008,319.616665000126,1.0,1.0
5ab27587554299449642c8af,Who described the captain of the winners of the 1964-65 European Cup Winners Cup as the best defender he had ever played against ?,Pelé,Pelé described the captain of the winners of the 1964-65 European Cup Winners Cup as the best defender he had ever played against.,"[58888, 58113, 43692, 58893, 12413]",670,32,23.247354999966774,1293.267576000062,1316.5149310000288,0.0,0.09523809523809523
5ab6c63755429953192ad38b,Siegfriedstellung in the First World War was a defensive position of what country's army?,German,Germany's army.,"[58438, 58439, 43316, 43321, 58432]",739,4,21.978006999916033,362.019908000093,383.997915000009,0.0,0.0
5ae206c45542994d89d5b311,"Through which Tv series, one of the stars of Whats up korean film Kim Ji-won gained attention?","""The Heirs"" (2013)","""The Heirs"" (2013)","[57812, 14162, 30081, 37398, 37957]",751,10,22.58580400007304,581.6262899999174,604.2120939999904,1.0,1.0
5ae48a2b55429913cc204494,"Which singer is in the duo Sugarland, Jennifer Nettles or Roger Taylor?",Jennifer Nettles,Jennifer Nettles,"[55870, 55865, 55868, 55869, 55864]",544,4,22.23893399991539,297.39918699999635,319.63812099991173,1.0,1.0
5a7758895542994aec3b729c," Which American rock band, Sugar Ray or Against the Current gained mainstream fame in the 1990's?",rock,Sugar Ray,"[47988, 55505, 47989, 47990, 55499]",489,2,22.576255999979367,206.44752400005473,229.0237800000341,0.0,0.0
5abe3abb55429965af743ea1,What was the former name of the company which operates Hunterston Terminal?,Peel Holdings,Peel Group,"[57722, 43111, 8085, 8090, 8083]",563,3,25.945861999957742,259.1160870000522,285.0619490000099,0.0,0.5
5add2397554299473435386f,The location of the area where Fort Nisqually stood is in what Washington county?,Pierce County,DuPont,"[57957, 57955, 57951, 10463, 41505]",646,2,22.07226799998807,246.83566499993503,268.9079329999231,0.0,0.0
5abc7d6d5542993a06baf8f3,Kevin Yorn an American entertainment attorney who represents an Australian actor who  played the role of Josh Taylor in what soap opera?,Neighbours,"""The Neighbours""","[59062, 19276, 59063, 27968, 9084]",963,4,23.04603599998245,425.21845400005986,448.2644900000423,1.0,1.0
5ae74fb95542991e8301cc57,"What is the name of the movie that srarred Stev McQueen in the orignal, and Pierce Brosnan in the remake?",The Thomas Crown Affair,Finding Steve McQueen,"[26202, 29045, 25594, 29469, 32868]",774,4,22.737809000091147,383.68826000009904,406.4260690001902,0.0,0.0
5a8482e55542997175ce1edc,Are Trent Edwards and Lucy Saroyan both football players?,no,"No, Trent Edwards and Lucy Saroyan are not both football players.","[55224, 55218, 34584, 8270, 16641]",468,15,21.40542600000117,638.7677729999268,660.173198999928,0.0,0.16666666666666669
5ae81060554299540e5a572c,Mutton Lane Cemetery is located in a town 13 mi north of where?,London,Manchester,"[62402, 40112, 40365, 48754, 34340]",494,1,22.606581999980335,174.33559699998114,196.94217899996147,0.0,0.0
5a804f01554299485f5985bf,"Which magazine has more issues per month, Club or Pro Football Weekly ",Pro Football Weekly,Pro Football Weekly,"[55940, 55939, 55942, 59736, 39933]",682,3,22.981297000001177,288.2233850000375,311.2046820000387,1.0,1.0
5ae547f85542990ba0bbb254,"Who was the original recording artist of the song which was chosen over If You've Got Trouble for the Beatles' ""Help!"" film?",Buck Owens,Ringo Starr,"[56719, 44749, 46760, 13986, 44752]",799,3,22.40733199994338,346.11667599995144,368.5240079998948,0.0,0.0
5a8c6342554299240d9c214a,"Claudine's Return starred the actress who played which role on ""Married...with Children""?",Kelly Bundy,Kelly Bundy,"[62042, 62037, 62041, 9731, 21733]",566,2,20.981267000024673,223.07375999992018,244.05502699994486,1.0,1.0
5a77321355429972597f1493,"Which documentary was created first, The Agronomist or American Scary?",The Agronomist,American Scary,"[55045, 55044, 39098, 55065, 44121]",567,3,23.28257500005293,257.35890099997505,280.641476000028,0.0,0.0
5a8fb65d5542997ba9cb32fa, Steven S. Crompton is a Canadian-born artist known as the artist for a a fantasy role-playing game designed by Ken St. Andre and first published by who?,Flying Buffalo,Flying Buffalo.,"[56857, 57767, 34792, 56860, 34798]",540,3,21.678447999988748,251.10322600005475,272.7816740000435,1.0,1.0
5a8cea40554299441c6b9f76,"Which mountain is taller, Gasherbrum II or Langtang Ri?",Gasherbrum II,"Gasherbrum II is taller than Langtang Ri. Gasherbrum II stands at 8035 meters, while Langtang Ri measures 7205 meters.","[55541, 3815, 55540, 55543, 15170]",753,40,21.49449499995626,1654.8516730000529,1676.3461680000091,0.0,0.1904761904761905
5a8cbce1554299653c1aa103,John Hatzistergos was a Member of a council that has how many members ?,42 members,106,"[56937, 28597, 27751, 28602, 37914]",651,3,22.50752099996589,283.23896399990645,305.74648499987234,0.0,0.0
5ae083b75542993d6555eb85,"Who was an actor actor in the film The Ladder of Lies and was born October 23, 1893?",Jean Acker,Ethel Clayton,"[57984, 42147, 3751, 20378, 36832]",826,3,21.694028999945658,361.7491389999259,383.44316799987155,0.0,0.0
5ac11139554299294b219083,Creed features the boxer who held what WBC title from 2016 to 2017?,cruiserweight,Apollo Creed held the WBC cruiserweight title from 2016 to 2017.,"[57157, 39240, 42249, 42244, 57158]",776,22,23.755134999987604,1057.9146469999614,1081.669781999949,0.0,0.18181818181818182
5ae1e9635542997f29b3c19e,"Which airport is located further north in the United States, San Angelo Regional Airport or Grand Junction Regional Airport?",Grand Junction Regional Airport,Grand Junction Regional Airport is located further north in the United States compared to San Angelo Regional Airport.,"[55640, 55644, 20010, 6369, 55641]",506,19,22.547776000010344,799.904846000004,822.4526220000143,0.0,0.38095238095238093
5ae5e8c85542996de7b71a69,Name the actor who has acted in the film Arrival and who has been nominated for the Academy Award for Best Supporting Actor for the film `The Town' ?,Jeremy Renner,Amy Adams,"[57980, 57978, 51246, 22046, 26290]",944,2,23.955569000008836,350.0056059999679,373.9611749999767,0.0,0.0
5a714b645542994082a3e78b,What year did Lindsey Broad star in the movie with Russell Brand and Jonah Hill?,2010,2010,"[59300, 59295, 29469, 31677, 19433]",734,4,21.64996199996949,357.6164300000073,379.2663919999768,1.0,1.0
5a7c64bc5542996dd594b913,"Who is older, Simon Neil or Michael McKean?",Michael John McKean,Michael McKean is older than Simon Neil.,"[55572, 37393, 4783, 48090, 37390]",519,9,22.236095000039313,470.50980099993467,492.745895999974,0.0,0.4
5a8671e95542994775f60763,The Six Arms Saga was written by the former editor-in-chief of what company?,Marvel Comics,Marvel Comics,"[58199, 3763, 3007, 7415, 31738]",583,2,22.312592000048426,235.9223009999596,258.234893000008,1.0,1.0
5ade5a645542997c77adee0d,"Which city is at coastal county-level, Wenling or Ruili?",Wenling,Wenling,"[55800, 55795, 55626, 55794, 10627]",708,3,23.597752999990007,297.23997799999324,320.83773099998325,1.0,1.0
5a89e95c5542992e4fca8474,Javier Frana and Thomaz Koch both share what occupation?,tennis player,Tennis player,"[1831, 54711, 53587, 54714, 54713]",322,3,25.354959000083,173.73430000009193,199.08925900017493,1.0,1.0
5ae644c55542992663a4f27e,"When was the club formed, for which Adam  Johnson played as well as Middlesbrough and Watford ?",1919,1919,"[60973, 60975, 16996, 36527, 37795]",544,4,21.955584000011186,296.5426149999075,318.4981989999187,1.0,1.0
5a7bd25a554299294a54ab13,"Which director lived longer, Lowell Sherman or Jonathan Kaplan?",Jonathan Kaplan,Jonathan Kaplan lived longer than Lowell Sherman.,"[2140, 56034, 36429, 1979, 60811]",851,8,21.638715999984015,528.4165010000379,550.0552170000219,0.0,0.4444444444444445
5a85b2ac5542991dd0999e90,Brad Budde played professionally for a team in the NFL that was founded in 1960 as the Dallas Texans by who?,Lamar Hunt,Lamar Hunt,"[57667, 18142, 17382, 21284, 57669]",784,3,21.951442000045063,340.313429000048,362.2648710000931,1.0,1.0
5add3b035542997545bbbcce,The Gate is a song from the album scheduled for release in what month?,November 2017,October,"[61676, 22469, 46349, 32100, 22526]",583,1,21.648419000030117,189.37046099995314,211.01887999998326,0.0,0.0
5abdbabe5542993f32c2a028,Are Affenpinscher and Villanuco de Las Encartaciones both breeds of dog?,yes,No,"[55843, 55840, 55837, 55839, 16010]",588,1,21.579104000011284,190.14267199997903,211.7217759999903,0.0,0.0
5a75d9c05542992db94736f6,Which English-born Australian singer/songwriter was a judge on season 8 of Australia's Got Talent?,Sophie Charlene Akland Monk,Red Symons,"[60397, 27968, 56970, 60394, 56975]",800,3,25.82380799992734,352.5033500000063,378.32715799993366,0.0,0.0
5ae1d656554299234fd04322,Are Greater Swiss Mountain Dog and Harrier both dog breeds?,yes,Yes,"[55616, 749, 11378, 758, 1749]",717,1,21.738622000043506,228.11181099996247,249.85043300000598,1.0,1.0
5ab28b395542993be8fa9941,Is Dappy or Tobias Sammet German? ,Tobias Sammet (21 November 1977) is a German musician,"No, neither Dappy nor Tobias Sammet are German.","[55875, 55878, 55871, 55872, 50640]",534,12,21.35307499997907,560.0130990000025,581.3661739999816,0.0,0.375
5a89a92a55429946c8d6e98c,Are John Tardy and Stza from the same country?,yes,"No, John Tardy and Stza are not from the same country. John Tardy is American, while Stza is American but primarily associated with the New York City area.","[54552, 54555, 54557, 35273, 19914]",503,36,22.11453999996138,1431.4462610000191,1453.5608009999805,0.0,0.0
5abbf64055429965836003bc,What county is Keene High School located in?,Cheshire County,New Hampshire,"[60733, 60732, 36559, 24613, 60730]",579,2,26.098298000079012,224.48501199994553,250.58331000002454,0.0,0.0
5a71214d5542994082a3e5b9,What production company was founded by George Balanchine to create a live stage version of the 1942 film Casablanca?,The Los Angeles Dance Theater,Los Angeles Dance Theater,"[45134, 58444, 58440, 58445, 48129]",1058,4,22.110233000034896,478.8383079999221,500.948540999957,1.0,1.0
5ac19ff35542991316484b61,"Which was published or broadcast first, The Graveyard Book of Phineas and Ferb?",Phineas and Ferb,The Graveyard Book,"[31240, 58220, 55079, 55081, 55074]",787,4,28.1406029999971,371.4421350000521,399.5827380000492,0.0,0.0
5ade8bd955429975fa854f04,"What is the name of the genocidal mass slaughter of Tutsi Rwanda, in which Cyprian and Daphrose Rugamba were assassinated?",Rwandan genocide,Rwandan genocide.,"[62155, 62152, 62159, 62157, 23222]",1057,5,21.997153000029357,513.9065959999698,535.9037489999992,1.0,1.0
5ae694a15542991bbc976141,Why is Minister Pool important to Black Country and the West Midlands in England?,defence of the Cathedral,Minister Pool is not mentioned as being particularly important to the Black Country or the West Midlands in England according to the given documents.,"[61320, 61324, 61323, 61319, 61316]",432,26,22.15369600003214,1011.1439010000822,1033.2975970001144,0.0,0.0
5ae351405542994393b9e67f,Jim Halsey guided the career of the musician who hosted what country variety show?,Hee Haw,Roy Clark,"[56402, 56404, 24977, 21234, 25368]",715,2,22.5021700000525,265.22396599989406,287.72613599994656,0.0,0.0
5a83ab355542990548d0b218,Who was a higher ranked tennis player: Paola Suárez or Michael Venus?,Paola Suárez,Paola Suárez,"[55647, 55651, 55652, 55649, 55655]",601,5,22.606747000054384,344.505101999971,367.11184900002536,1.0,1.0
5a728f505542992359bc30f5,"Gail Matthius co-anchored the Weekend Update segment of ""Saturday Night Live"" with the actor who played the villain Nicholas Andre in what movie?",Dumb and Dumber,"Charles Rocket played the villain Nicholas Andre in the film ""Dumb and Dumber"".","[61145, 61143, 31933, 10146, 61149]",523,17,21.307489999912832,731.6917440000452,752.999233999958,0.0,0.42857142857142855
5adfff0755429925eb1afbce,What is 25 miles south of Groom Lake?,"Rachel, Nevada","Rachel, Nevada","[56366, 56368, 56372, 39945, 9986]",498,3,20.889372999931766,241.30817600007504,262.1975490000068,1.0,1.0
5a7a098d5542996c55b2dce3,Dane William DeHaan starred in a movie directed by Anton Corbijn along side which actor?,Robert Pattinson,Robert Pattinson,"[56262, 56263, 12739, 14639, 709]",760,3,21.114904999990358,326.00053200008006,347.1154370000704,1.0,1.0
5a8ceb4955429941ae14df43,What was the nickname of the player who played his final season for the 2016 Miami Dolphins before dying in an accident?,Niño,José Fernández,"[62255, 62256, 61956, 27959, 62264]",625,4,20.95851199999288,315.34271999998964,336.3012319999825,0.0,0.0
5a7a4ca955429941d65f25a3,Where did the genre of the Chapter Dos: On the Verge album originate? ,the Dominican Republic,North America and Europe.,"[58629, 58621, 58625, 58622, 10358]",662,5,22.04961799998273,353.40638600007424,375.45600400005696,0.0,0.0
5a78fe8155429970f5fffe11,"Who was born first, Steve Hogarth or Donnie Munro?",Donnie Munro,Donnie Munro was born first on 2 August 1953.,"[55548, 55549, 55546, 24422, 10212]",720,17,21.370971000010286,785.2887000000237,806.659671000034,0.0,0.3636363636363636
5ae37e6e5542992f92d822e0,Which countries forces fought in The Battle of Hürtgen Forest which was covered in the shooter video game Darkest Hour: Europe '44-'45?,American and German,American and German forces.,"[51299, 62854, 13007, 57343, 62855]",727,5,21.44556799999009,396.16587900002287,417.61144700001296,0.0,0.8571428571428571
5ae0af5555429945ae95941e,EMU Australia is best known for their unisex style boots that are typically made of what?,Sheepskin,Sheepskin,"[60983, 60981, 60984, 45270, 60979]",576,3,22.99626100000296,261.36603700001615,284.3622980000191,1.0,1.0
5a7cd0fd55429909bec76823,"Which band, Matthew Good Band or Switchfoot is still together?",Switchfoot,Matthew Good Band,"[55982, 55981, 55983, 3290, 23383]",617,3,27.637192000042887,276.3293990000193,303.9665910000622,0.0,0.0
5a7785af55429949eeb29ec2,"Who is older, James Kerwin or Paul Verhoeven?",Paul Verhoeven,Paul Verhoeven is older than James Kerwin.,"[54827, 26129, 54828, 8681, 1324]",525,11,21.013885999991544,527.7533189999986,548.7672049999901,0.0,0.4444444444444445
5a86edcc55429960ec39b6da,"What actress portrayed Rachel Green on the sitcom ""Friends"" and starred in the movie ""She's Funny That Way""?",Jennifer Aniston,Jennifer Aniston,"[60316, 25968, 25967, 25972, 33629]",684,3,25.59800299991366,295.6916020000335,321.2896049999472,1.0,1.0
5a73bcf055429978a71e909c,Which novelist wrote under the pen name Walter Ericson: Laura Esquivel or Howard Fast?,Howard Melvin Fast,Howard Fast,"[55361, 55355, 59768, 4777, 42943]",511,2,21.08354799997869,211.6643419999491,232.7478899999278,0.0,0.8
5ac0d83a554299294b219038,Randall Cunningham II was a multi-sport athlete at the high school located in what Nevada city?,Summerlin,Bishop Gorman High School,"[52948, 59367, 52943, 62417, 44731]",937,6,21.727036000015687,487.36516100007066,509.09219700008634,0.0,0.0
5a79c1335542994bb9457066,Eric Ambler and Carol Shields are both best Known for what profession?,author,Writing thriller/spy novels and writing fiction respectively.,"[54943, 54944, 13312, 44549, 3267]",700,10,21.823045000019192,540.5387129999326,562.3617579999518,0.0,0.0
5ab4341c55429942dd415ede,The Shōgitai were an elite corps of which shogunate?,Tokugawa shogunate,Shogunate during the Bakumatsu period in Japan.,"[57815, 57819, 57816, 52325, 10481]",755,12,21.430894000104672,665.5477580000024,686.9786520001071,0.0,0.25
5ae824295542997ec272772f,Dan Scalco is best known as a contributing author for a magazine owned by who?,Peter Shea,"MediaDC, a subsidiary of Clarity Media Group, which is owned by The Anschutz Corporation.","[58138, 2298, 47690, 16189, 2685]",530,21,21.77031199994417,872.3454350000566,894.1157470000007,0.0,0.0
5a79ea435542996c55b2dc9e,Who was the captain of the only battleship to provide gunfire support during the Vietnam War?,Rear Adm. J. Edward Snyder,Captain Snyder,"[13117, 60837, 60835, 60836, 40162]",624,2,23.058599000023605,244.99421500001972,268.0528140000433,0.0,0.28571428571428575
5ac344d6554299741d48a23f,What is the gross leasable area of the shopping mall served by the Merrick Boulevard buses?,1800000 sqft,"1,345,000 square feet (125,000 m²)","[62906, 62908, 23118, 62914, 59358]",823,22,22.06869100007225,1019.2449240000769,1041.3136150001492,0.0,0.0
5a8c4c5f554299585d9e3651,"Luisa Miller is an opera with three acts, whereas Don Quichotte is an opera with how many acts?",five,five,"[54687, 48037, 1912, 51966, 1352]",528,1,21.69844100001228,183.27100399994833,204.96944499996061,1.0,1.0
5a77372b554299373536021c,The Victoria's Secret Fashion Show features what fashion model who was born in 1988?,Candice Susan Swanepoel,Candice Swanepoel,"[58347, 58353, 58349, 58346, 58344]",689,7,22.215571000060663,439.81888099995103,462.0344520000117,0.0,0.8
5adf4b335542993a75d264a5,Paul DeBoy is known for an appearance in the Western action-adventure game developed by which company?,Rockstar San Diego,Rockstar Games,"[58947, 58954, 58956, 36791, 56858]",807,3,23.763533999954234,350.30047199995806,374.0640059999123,0.0,0.4
5a8c743e5542996e8ac88ab3,What mixed martial arts promotion that was purchased by the Ultimate Fighting Championship in 2001 used to feature Nate Diaz as a competitor?,World Extreme Cagefighting,World Extreme Cagefighting (WEC),"[58885, 39426, 58881, 58886, 34229]",682,9,22.842471999979352,505.4950029999645,528.3374749999439,0.0,0.8571428571428571
5ae835f25542997ec272776f,Charles Barkley changed his jersey number to #32 in honor of a player born in which year ?,1959,1963,"[18117, 59636, 59635, 41239, 35598]",869,4,23.204635000070084,395.89089899993724,419.0955340000073,0.0,0.0
5ab94cca554299753720f7dd,"Angelspit toured the United States with an American electronic music duo from Orlando, Florida, that formed in what year?",2006,2011,"[2600, 12204, 60298, 60299, 33677]",848,4,22.18072099992696,391.50365199998305,413.68437299991,0.0,0.0
5ac160bb5542994d76dccdfb,What corporation does the company that publishes the monthly magazine that focuses almost exclusively on the Western United States and featured photograph by Julius Shulman of a home designed by Rodney Walker belong to?,Southern Progress Corporation,Southern Progress Corporation.,"[62291, 62290, 62287, 62288, 770]",795,4,22.153595999952813,382.1431389999361,404.29673499988894,1.0,1.0
5a80b322554299485f5986c8,"The twenty-first season of South Park was entitled ""White People Renovating Houses"" is which episode of the series overall?",278th episode,"The twenty-first season of South Park, titled ""White People Renovating Houses,"" is the 278th episode of the series overall.","[57258, 57255, 57259, 57254, 60580]",393,30,21.35173199997098,1136.0886329999857,1157.4403649999567,0.0,0.21052631578947367
5ae385df5542992f92d82305,"Who was a pianist, Maro Ajemian or Richard C. Sarafian?",Maro Ajemian,Maro Ajemian,"[2958, 4519, 17134, 6910, 14066]",508,5,21.723125999983495,316.1426909999818,337.8658169999653,1.0,1.0
5a8ba3ff55429971feec4744,Stokely Webster has paintings can be found at the official residence of whom?,Mayor of the City of New York,The official residence of Sir Anthony van Dyck.,"[58682, 7873, 50699, 8865, 36215]",676,10,22.576983999897493,532.3886630000061,554.9656469999036,0.0,0.15384615384615383
5ade61fd554299728e26c704,Get Off is an album by a group using which style originating in NYC in the early 1970s?,Disco,Disco,"[58758, 58763, 10377, 40720, 58405]",885,2,22.57856599999286,332.19597899994824,354.7745449999411,1.0,1.0
5ac1c6805542994ab5c67e11,For what type of work is the production company for The Year Without a Santa Claus best known?,"seasonal television specials, particularly its work in stop motion animation",Stop motion animated television specials.,"[62240, 62241, 62239, 6886, 20931]",746,6,22.457388000020728,432.41965699996854,454.87704499998927,0.0,0.5333333333333333
5a807ca5554299485f598613,Where was the original line of the railroad William Howard worked for?,the port of Baltimore west to Sandy Hook,From the port of Baltimore west to Sandy Hook.,"[61044, 37805, 29239, 61047, 40841]",791,10,21.907080999994832,615.2094840000473,637.1165650000421,0.0,0.9333333333333333
5ae5f47c5542996de7b71a82,"Which combat technique also known as Wushu Sanda, is the character of Wu Jing trained with in the 2006 Hong Kong martial arts film, written, produced and directed by Dennis Law.",Sanshou (Wushu Sanshou),Sanshou,"[56632, 45718, 56628, 45720, 45713]",781,2,22.634347999996862,312.2060919999967,334.8404399999936,0.0,0.5
5a8f8e4d55429918e830d260,What is the setting for the animated sitcom which Michael Polcino's brother Dominc works on?,"the fictional city of Quahog, Rhode Island","Quahog, Rhode Island.","[61359, 61354, 60580, 61356, 53320]",507,7,22.752412000045297,405.8016269999598,428.5540390000051,0.0,0.6666666666666666
5ab38cdd5542992ade7c6de2,Liverpool nurse Mimi Smith was the aunt and guardian of which one of the city's most famous sons?,John Lennon,John Lennon,"[60438, 60437, 22326, 60436, 44089]",583,2,24.27026099996965,250.68935100000544,274.9596119999751,1.0,1.0
5ab572ff5542992aa134a31b,"Who directed the film which starred Steve Cochran and the actor who played Sheriff Roy Coffee in ""Bonanza""?",Louis King,Richard Rush,"[60188, 13305, 53960, 60191, 30347]",719,2,22.47041500004343,290.3336429999399,312.80405799998334,0.0,0.0
5a8ad6db55429950cd6afba7,What field of study is related to Ovamir Anjum's work and is known as Islamic mysticism?,Sufism,Sufism,"[61495, 61493, 61494, 39867, 61490]",873,3,21.53273999999783,362.6591439999629,384.19188399996074,1.0,1.0
5a8085705542992bc0c4a74b,Garden Island Naval Chapel is the oldest Chistian chapel of a naval branch of what defence force?,Australian Defence Force,Royal Australian Navy (RAN),"[58780, 62890, 58785, 31306, 61381]",573,7,21.49960299993836,412.4994299999116,433.99903299985,0.0,0.28571428571428575
5aba5dfd55429955dce3edf0,Where do both the New Jersey Devils and the Seton Hall Pirates play?,Prudential Center,"Both the New Jersey Devils and the Seton Hall Pirates play at the Prudential Center in Newark, New Jersey.","[27080, 27086, 27084, 13917, 27089]",737,24,27.39437100001396,1047.9016489999822,1075.2960199999961,0.0,0.2222222222222222
5a8a3dd55542995153361360,Did Nicholas Hytner and Maya Deren work in the same role in the film industry?,no,"No, Nicholas Hytner and Maya Deren did not work in the same role in the film industry.","[54650, 54648, 54647, 54652, 31899]",542,22,21.75049899994974,907.1345479999309,928.8850469998806,0.0,0.125
5addfc425542997dc7907101," Force India VJM10 is a Formula One racing car previous driven by Nico Hülkenberg, and is now driven by which driver born 17 September 1996?",Esteban Ocon,Esteban Ocon,"[60480, 60486, 60478, 60482, 60483]",450,5,21.344449000025634,304.2839619999995,325.62841100002515,1.0,1.0
5a8e2fe95542995085b373d0,"What editor of the The Dungeons & Dragons Basic Set is best known for his work at TSR, Inc.?",Dave Cook,Frank Mentzer,"[25478, 58478, 34791, 17779, 58477]",426,3,21.193845999960104,208.61156500006928,229.80541100002938,0.0,0.0
5a88e3cc5542997e5c09a6c2,What location is shared by both Great Neck School District and Saddle Rock Elementary School?,"New York, United States","Great Neck, New York","[59204, 59202, 59200, 59201, 35527]",534,5,22.714544999985264,321.47316300006423,344.1877080000495,0.0,0.5
5a7fd95d5542992e7d278dc5,"Wagner Moura received what nomination for playing the lead role of ""The King of Cocaine""? ",Golden Globe,Golden Globe nomination,"[58064, 58056, 7635, 22802, 59839]",860,3,21.801953000021967,354.4368210000357,376.2387740000577,0.0,0.8
5abb23035542992ccd8e7f22,Kenneth Arnold reported the first unidentified object sighting in what city and state in 1947?,"Mount Rainier, Washington","Mount Rainier, Washington","[57500, 57508, 57502, 57509, 57504]",564,5,22.90275399991515,325.21044199995686,348.113195999872,1.0,1.0
5a8197905542995ce29dcc10,"Which dog breed is NOT recognized by the Fédération Cynologique Internationale (FCI), the Korean Jindo or the Taigan?",Taigan,Taigan,"[55160, 55155, 4425, 4427, 2997]",625,2,24.287485999934688,248.88753699997324,273.1750229999079,1.0,1.0
5a7a2be25542996a35c17118,"Which band has had more members, The Operation M.D. or Del Amitri?",Del Amitri,Del Amitri had more members than The Operation M.D.,"[54979, 54978, 54981, 54975, 50093]",659,12,21.88445199999478,597.6075080000101,619.4919600000048,0.0,0.3636363636363636
5a8aecff55429950cd6afbef,How many beer brands are in the portfolio of the company that hired Leonardus (Leo) Petrus Beukeboom to decorate cafes?,over 170,400,"[45264, 59804, 58454, 11751, 7708]",746,3,21.55875500000093,329.7745060000352,351.33326100003615,0.0,0.0
5ab529005542996a3a96a045,"In 2008, The Littlewoods Ireland Carnogie Leagues sponsor known as?",Shop Direct Group,Umbro,"[56704, 56699, 56697, 22173, 56702]",634,3,22.262935000071593,278.11744799998905,300.38038300006065,0.0,0.0
5a7a919455429941d65f26b5,"Which album was released first, ""Talk That Talk"" or ""Loud""?",Loud,"""Loud""","[13705, 35214, 13700, 27815, 50977]",824,3,22.185864999983096,356.11221500005286,378.29808000003595,1.0,1.0
5a8595005542992a431d1b40,"What product is being built at a 107,000 acre industrial park for Tesla Motors?",lithium-ion battery,Lithium-ion battery factory.,"[57445, 57440, 22481, 9379, 41324]",514,7,27.7869419999206,385.10298399990006,412.88992599982066,0.0,0.8571428571428571
5a7f567e5542992097ad2f22,"Which year was the more recent engine series, the Honda K or Honda H, introduced?",2001,Honda H,"[57386, 57389, 57384, 57391, 12815]",806,2,22.00354100000368,310.71231900000384,332.7158600000075,0.0,0.0
5ae56a0d5542990ba0bbb29c,"When is the 2010 population of a town in Waldo County which was covered by ""Maine School Administrative District 3""?","2,099","February 7, 1827","[16582, 58250, 19963, 61058, 16586]",489,9,25.84713399994598,455.7620580000048,481.6091919999508,0.0,0.0
5a7b820c5542997c3ec971d8,The William Ulmer Brewery is located in a neighborhood that is policed by who?,NYPD's 83rd Precinct,"The William Ulmer Brewery is located in Bushwick, Brooklyn, which is policed by the NYPD's 83rd Precinct.","[56757, 56759, 51120, 36605, 43238]",668,28,22.00924800001758,1209.8718459999418,1231.8810939999594,0.0,0.4
5a7c634c55429907fabeef79,"Which writer died later, Agatha Christie or Clement Greenberg?",Clement Greenberg,"Agatha Christie died later than Clement Greenberg. Christie passed away on January 12, 1976, while Greenberg lived until May 7, 1994.","[54601, 54600, 30118, 41687, 10514]",648,40,22.75638399999025,1646.301648000076,1669.0580320000663,0.0,0.17391304347826084
5abe407155429976d4830ab4,Are Joe Orton and Bernard-Marie Koltès both playwrights ?,yes,"Yes, Joe Orton and Bernard-Marie Koltès are both playwrights.","[55948, 55956, 9368, 30102, 55950]",748,17,20.77884699997412,822.424045000048,843.2028920000221,0.0,0.16666666666666669
5ab7f1b65542991d322237d3,Bridge of Spies stars a Soviet intelligence officer with what name?,Rudolf Abel,Rudolf Abel,"[43308, 28367, 51247, 33238, 33234]",872,4,22.01858600005835,395.7685670000046,417.787153000063,1.0,1.0
5ac385f8554299741d48a279,The memorial commemorating a 1941 Japanese surprise attack was designed by whom?,Alfred Preis,Alfred Preis,"[61916, 61914, 27425, 61912, 21247]",630,3,22.3112390000324,276.65656399994987,298.96780299998227,1.0,1.0
5a7a15d35542996a35c170c4,In what city does a Christian minister who won the singles title with Jan Kodes in the 1970 French Open currently reside?,"Perth, Western Australia",Paris,"[59605, 48396, 59607, 5832, 19004]",610,1,26.819397999929606,204.12670999996863,230.94610799989823,0.0,0.0
5a8f12705542997ba9cb31be,"Dream Street is narrated by an English musician, comedian, and actor who first came to public notice with what British comedy showband?",Black Abbots,"The English musician, comedian, and actor who first came to public notice with the British comedy showband Black Abbots is Russ Abbot.","[56280, 56281, 57085, 15403, 24268]",513,28,20.79217499999686,1110.6523509999988,1131.4445259999957,0.0,0.18181818181818182
5ae3a8985542992f92d82329,Politician Lyman Sherwood was born in what New York county?,Rensselaer County,Rensselaer County,"[59234, 59231, 59233, 51385, 31159]",691,6,22.938873000043714,395.3216209999937,418.2604940000374,1.0,1.0
5a8f5bb45542992414482a77,What is the population of the province Herald Provincial Park is in?,more than four and a half million people,The population of the province that Herald Provincial Park is in is not specified in the given documents.,"[62686, 40485, 58101, 39819, 17853]",579,19,21.867884000016602,810.4215669999348,832.2894509999514,0.0,0.0
5adfef32554299603e4183ca,What was the name of the soap opera that Thomas Ormson played David Platt and Adam Rickitt plated Nick Tilsley?,Coronation Street,Coronation Street,"[59939, 59941, 59938, 59937, 59940]",664,3,21.091981000040505,288.00024600002416,309.09222700006467,1.0,1.0
5a7caae75542996dd594b971,"What, known as AAS, is commonly used in bodybuilding?",Anabolic steroids,Methandrostenolone (also known as metandienone) is commonly used in bodybuilding.,"[58997, 58995, 58999, 58998, 9600]",693,22,21.281237000039255,951.6942310000331,972.9754680000724,0.0,0.0
5a739ef955429978a71e904b,"What festival is held every June in Bartlesville, Oklahoma?",OK Mozart,OK Mozart Festival,"[59314, 59320, 5688, 59312, 59319]",572,3,26.888471999996,258.77552500003276,285.66399700002876,0.0,0.8
5a7f54665542992097ad2f1a,The city that hosted the Olympics where Taiwan competed as Chinese Taipei is situated at the confluence of what two rivers?,Bow River and the Elbow River,Yangtze and East China Sea,"[59764, 34156, 55196, 1293, 59765]",616,7,23.13025499995547,424.5521060000783,447.6823610000338,0.0,0.20000000000000004
5a8b42be55429949d91db515,What profession does John Lanchester and Alan Dean Foster have in common?,novelist,Writer,"[55899, 15041, 54510, 31829, 55901]",543,1,21.434572000089247,179.43882200006556,200.8733940001548,0.0,0.0
5abde4ed5542991f66106097,What is the name of the girl group that the host of the Nickelodeon Australian Kids' Choice Awards 2006 was a member of?,Bardot,The Veronicas,"[60040, 60035, 60038, 60042, 60043]",483,4,21.45954200000233,277.64056600005915,299.1001080000615,0.0,0.0
5a7cc700554299452d57ba4e,What speech by Abraham Lincoln was part of Richard Heffner's A Documentary History of the United States?,Gettysburg Address,Gettysburg Address,"[60110, 60112, 27159, 27165, 27161]",724,5,21.593579999944268,390.77572799999416,412.3693079999384,1.0,1.0
5adc905e5542994d58a2f662,What was the MGM Grand Garden Arena in which Britney Spears recorded fourth video album originally known as?,Grand Garden Special Events Center,MGM Grand Garden Arena,"[59344, 34920, 60533, 50204, 59341]",574,5,20.66966899997169,329.66063700007453,350.3303060000462,0.0,0.4444444444444445
5ac13d5c5542996f0d89cc78,"Macaulay Carson Culkin was regarded as the most successful child actor since which actress, who was Hollywood's number one box-office draw as a child actress from 1935 to 1938?",Shirley Temple Black,Shirley Temple,"[61848, 61853, 34079, 32385, 13669]",888,4,21.600856999953066,414.77207299999463,436.3729299999477,0.0,0.8
5a7cc28f554299452d57ba1c,"The 1996 AT&T Challenge was a tennis tournament played in a city that in 2017 ranked third on the ""USA TODAY"" list of what?",50 best cities to live in,Las Vegas.,"[57709, 45233, 58925, 15232, 44731]",743,3,21.553659999995034,333.21577999993224,354.7694399999273,0.0,0.0
5ae2120e5542997283cd23ad,Are Distortion Mirrors and OK Go both considered rock bands?,yes,"Yes, Distortion Mirrors and OK Go are both considered rock bands.","[55787, 55786, 55790, 55788, 55792]",293,15,21.65987800003677,585.4074339999897,607.0673120000265,0.0,0.16666666666666669
5ac4db1d554299076e296e1a,who is a British physicist  and also a  British government's chief scientific adviser,Frederick Alexander,David J. C. MacKay,"[56495, 56498, 31636, 56493, 56496]",599,7,28.08926199998041,413.66895299995576,441.7582149999362,0.0,0.0
5ab9ba6855429970cfb8eb87,"Which novel by the author of ""Armada"" will adapted as a feature film by Steven Spielberg?",Ready Player One,"""Ready Player One""","[59775, 59768, 62619, 60853, 22919]",665,5,23.372085000005427,364.05837899997096,387.4304639999764,1.0,1.0
5a870a8e55429960ec39b707,"George E. Blake was born in Yorkshire, England, formerly known as what?",County of York,"The title states that Yorkshire is ""formally known as the County of York."" Therefore, George E. Blake was born in Yorkshire, England, which was previously known as the County of York.","[61950, 61954, 21400, 28513, 62346]",826,39,21.481341000026077,1609.8352179999438,1631.3165589999699,0.0,0.19354838709677416
5ab1d6545542997061209588,At what age did Cieli di Toscana's singer become blind?,Bocelli became completely blind at the age of 12,12,"[60071, 60077, 60075, 46512, 60078]",398,2,22.53197300001375,164.9822370000038,187.51421000001756,0.0,0.2222222222222222
5ab3dbd8554299233954ffd6,When did Peter Capaldi play the role of Mr. Curry in Paddington 2?,2017,2017,"[50225, 57559, 57561, 46543, 21078]",782,4,21.61947100000816,366.027766000002,387.64723700001014,1.0,1.0
5ab2ce27554299545a2cfa98,The project that Jeder Rappen zählt is inspired by began in what year?,2004,1939,"[57882, 26980, 32813, 33978, 28884]",733,4,21.543780999991213,364.3105090000063,385.8542899999975,0.0,0.0
5a7df6e65542995f4f402353,"Which American musician and songwriter was born earlier, Adam Duritz or Cherie Currie?",Cherie Ann Currie,Cherie Currie,"[55082, 55087, 55085, 54972, 50779]",507,4,21.727631999965524,284.3329759999733,306.06060799993884,0.0,0.8
5a83b1e75542990548d0b220,Worker: What professional title to both Christopher Nolan and Paul Schrader boast?,screenwriter,Director,"[55395, 48295, 25135, 55402, 22045]",833,1,23.379339000030086,284.5587169999817,307.9380560000118,0.0,0.0
5abb729b5542993f40c73af4,On what part of U.S Route 56 can you listen to the KCTV?,The highway's eastern terminus,"On U.S. Route 56, you can listen to KCTV in Kansas City, Missouri.","[59458, 59460, 52632, 14960, 25700]",803,22,24.307755999984693,1011.9276570000011,1036.2354129999858,0.0,0.11111111111111112
5adcf37e5542994ed6169c37,"BMW X5 is a mid-size version that was produced alongside which newer model, produced in 2009?",BMW X6,BMW X6,"[62609, 62608, 62606, 51632, 22482]",613,3,22.544092000089222,280.1006959999768,302.644788000066,1.0,1.0
5ae76c235542991e8301cc97,Matt Doheny lost his primary race to what current youngest woman ever elected to Congress?,Elise Stefanik,Elise Stefanik,"[57686, 57688, 8787, 41367, 49039]",663,4,22.263216000055763,323.21432300000197,345.47753900005773,1.0,1.0
5ac3a7ce554299391541388f,"Dichroa and Lathyrus, both native to Europe?",no,No,"[55334, 4258, 55332, 55330, 55329]",542,1,22.610415999906763,182.34606500004702,204.95648099995378,1.0,1.0
5add97c15542997545bbbd80,In which sport does both Virginia Ruzici and Andy Murray participate?,professional tennis player,Tennis,"[55403, 55409, 55405, 55410, 55411]",465,2,22.36226299999089,180.48952200001622,202.8517850000071,0.0,0.5
5ab7b0775542992aa3b8c83e,SS Ionic was built by the industrial company based in what city?,"Belfast, Northern Ireland",Belfast,"[57933, 57934, 58126, 19080, 31494]",567,2,22.826421999980084,221.34511199999451,244.1715339999746,0.0,0.5
5a7789195542995d831811a2,"What is the surname of the recorder of ""Jupiter (Swallow the Moon)""",Kilcher,Spahr,"[58830, 58829, 58828, 7286, 58832]",795,2,22.305872000060845,310.7276069999898,333.03347900005065,0.0,0.0
5ae7ee41554299540e5a56b0,Paul Maynard became Rail Minister after the entrance of the Prime Minister who took office in what year?,2016,2010,"[58258, 60819, 51014, 50695, 20468]",813,4,21.92041099999642,385.61789900006715,407.5383100000636,0.0,0.0
5a7294b65542991f9a20c509,What is the name of the umcoming horror film adaptation starring Melanie Griffiths daughter?,Suspiria,Suspiria (upcoming film),"[21470, 37641, 57860, 44127, 14827]",685,8,23.143717000039032,469.5349910000459,492.67870800008495,0.0,0.5
5ab852c05542990e739ec8c5,"Which peak is flanked by Manaslu, Shispare or Ngadi Chuli?",Ngadi Chuli,Manaslu,"[6255, 54851, 55242, 55239, 54604]",405,3,21.70681899997362,205.82319100003588,227.5300100000095,0.0,0.0
5a808b57554299485f598651,"Ithihasa and the Indian music composer of  ""Chronic Bachelor"", ""Udayananu Tharam"", ""Naran"", ""Puthiya Mukham,"" ""Urumi"", ""Grandmaster"" and ""Bhaskar the Rascal"" are known in what type of films/cinema?",Malayalam,"Indian music composer Deepak Dev is known for composing music in Malayalam cinema, including ""Chronic Bachelor"", ""Udayananu Tharam"", ""Naran"", ""Puthiya Mukham,"" ""Urumi"", ""Grandmaster"" and ""Bhaskar the Rascal"".","[62324, 62325, 31980, 62323, 28102]",519,60,22.568093000018052,2294.8121379999975,2317.3802310000156,0.0,0.07407407407407407
5a76fda05542994aec3b71b0,Martin Flavin and Peter Benchley both did what occupation?,novelist,Both Martin Flavin and Peter Benchley were authors.,"[55215, 55214, 55213, 7295, 7018]",402,11,22.61182600000211,485.2635060000239,507.875332000026,0.0,0.0
5a8f93f5554299458435d67e,"The name od the Jason Hook album ""Safety Dunce"" is a play on the words of a song released in what year? ",1983,2007,"[57240, 40098, 45374, 21270, 25620]",726,4,23.101836000023468,378.6662999999635,401.76813599998695,0.0,0.0
5ade8802554299728e26c72d,What company operates in Switzerland and is part of the name of an award Gene Hobbs won?,Rolex,Rubicon Foundation,"[62836, 15611, 26893, 18570, 27646]",633,3,27.81870599994818,281.7131890000155,309.5318949999637,0.0,0.0
5abdc18555429965af743e2b,"What is the name of the second largest car rental company, that also has another low cost car rental company it oversees?",Hertz,Hertz,"[12068, 12065, 62244, 12074, 62243]",400,2,22.92263300000741,171.40138299998853,194.32401599999594,1.0,1.0
5ab6238e554299710c8d1e6d,When Copsi was made earl of Northumbria he went back to reside in a town at the confluence of which two rivers?,Ouse and Foss,York,"[62350, 62346, 41140, 40112, 51390]",740,1,22.650489999932688,259.5896809999658,282.2401709998985,0.0,0.0
5a8af56855429950cd6afc2f,What kind of film was the film who featured Auli'i Cravalho?,3D computer-animated musical fantasy-adventure film,"The film featuring Auli'i Cravalho was a 3D computer-animated musical fantasy-adventure film called ""Moana"" from 2016.","[59523, 10874, 709, 47980, 49019]",567,34,21.735768999974425,1348.6619560000008,1370.3977249999753,0.0,0.5833333333333334
5adfc06d55429906c02daa2a,"What is the name of the largest shipping facility in the Northeastern United States, where the Boston Red Socks play?",Port of Boston,Port Newark-Elizabeth Marine Terminal,"[59414, 59409, 30650, 53827, 33630]",509,6,23.37956500002747,352.0893200000046,375.46888500003206,0.0,0.25
5ae388ea5542994393b9e6f0,Who is both an Austrialian-born British independent filmaker and is known for his work  with the YouTube series THE PERIODIC TABLE OF VIDEOS?,Brady Haran,Brady Haran,"[59572, 59578, 59574, 59577, 16212]",670,4,22.190846999933456,328.5040380000055,350.69488499993895,1.0,1.0
5adf430e5542993a75d2645e,"Which canal, Miami Canal or Dundee Canal, also supplies hydro-power and water for manufacturing?",Dundee Canal,Dundee Canal,"[1225, 55256, 5221, 55260, 5846]",606,4,23.463930000048094,306.89191299995855,330.35584300000664,1.0,1.0
5abbaf6c554299660624171c,What was the profession of Cate Shortland and Sidney Franklin?,film director,"Cate Shortland is a writer and director of film and television, while Sidney Franklin was an American film director and producer specializing in adapting literary works or Broadway stage plays.","[54588, 54595, 54589, 28914, 16227]",691,34,20.66419000004771,1368.8237390000495,1389.4879290000972,0.0,0.13333333333333333
5ae356045542990afbd1e10d,"What city has a football team and had a player from Pago Pago, American Samoa play for it?","He is from Pago Pago, American Samoa and played college football at Oregon.",Washington Redskins,"[57735, 57737, 57740, 31216, 57667]",699,2,22.202533000040603,265.00392300010844,287.20645600014905,0.0,0.0
5a81737155429903bc27b96f,"""Do Lafzon Ki Kahani"" is a remake of a Korean movie directed by which director ?",Song Il-gon,Kim Ki-duk,"[58904, 4755, 33364, 38090, 4751]",861,4,22.398916000042846,395.4361600000311,417.83507600007397,0.0,0.0
5a726b0f5542997f827839be,"Who was born first, Samantha Cristoforetti or Jean-Loup Chrétien",Jean-Loup Jacques Marie Chrétien,Jean-Loup Chrétien,"[54845, 290, 34078, 27116, 38926]",854,6,27.375230000075135,473.37859900005697,500.7538290001321,0.0,0.8
5ac39df8554299741d48a2b6,Are Euptelea and Muehlenbeckia both genuses?,yes,"Yes, Euptelea and Muehlenbeckia are both genera.","[54832, 54833, 54836, 54838, 3620]",415,16,23.37039700000787,661.4269869999134,684.7973839999213,0.0,0.25
5ae1e80b5542997f29b3c197,Progress MS-09 was used to resupply the satellite that first launched into orbit in what year?,1998,1978,"[57179, 57183, 57182, 57176, 61110]",670,4,23.823058000061792,326.8395080000346,350.6625660000964,0.0,0.0
5a7323ef5542994cef4bc477,Which battle took place first out of the Battle of the Ch'ongch'on River and the Battle of Tarawa?,The Battle of Tarawa,Battle of Tarawa,"[48673, 55823, 55825, 38451, 6403]",817,4,23.06247300009545,385.9751900000674,409.03766300016287,1.0,1.0
5a77857155429949eeb29ebf,What 2-year worldwide tour had a round stage and a band that performed a song never before performed live?,U2 360° Tour,U2 360° Tour,"[61867, 22238, 58596, 13225, 61864]",1111,8,26.920081999946888,658.8446800000156,685.7647619999625,1.0,1.0
5ade26db5542997c77aded77,Why is Bangor Daily News talkin about Sawin Millett?,Commissioner by the Maine Senate,Bangor Daily News is discussing Sawin Millett because he was appointed as the Commissioner of Administrative and Financial Services in the administration of Governor Paul LePage from 2011 to 2014.,"[61875, 61876, 15471, 26934, 61878]",1821,43,22.53844200004096,2257.860606999998,2280.3990490000388,0.0,0.0625
5a7f244255429934daa2fcec,"St. John's College, Belize offers an education in a tradition in which what three subjects were the core?","Grammar, logic, and rhetoric",liberal arts and science courses,"[59449, 59447, 33997, 22371, 32653]",594,6,22.016690000100425,373.1074319999834,395.12412200008384,0.0,0.22222222222222224
5abec9b25542997ec76fd366,What city was the capital of the Ostrogothic Kingdom and the birth place of Ornella Fiorentini?,"Ravenna (] , also locally ] ; Romagnol: ""Ravèna"" ) is the capital city of the Province of Ravenna",Syracuse,"[56838, 60830, 60831, 60828, 53099]",703,4,26.941611999973247,345.9514929999159,372.89310499988915,0.0,0.0
5ae022ab554299025d62a428,"Which genus is native to arid or semi-desert areas, Alopecurus or Echeveria?",Echeveria,Echeveria,"[55308, 55315, 2534, 48530, 55334]",402,4,22.28703899993434,247.4160799999936,269.70311899992794,1.0,1.0
5a8bc0485542995d1e6f143d,What continents are the Moneuptychia found in?,the Americas,Neotropical,"[58002, 3183, 6273, 8534, 54833]",535,3,22.221550000040224,264.1941790000146,286.41572900005485,0.0,0.0
5adc69ef554299438c868daf,Are Kalenderhane Mosque and Galata Bridge both located in Istanbul?,yes,"Yes, Kalenderhane Mosque and Galata Bridge are both located in Istanbul.","[55915, 55920, 5402, 55919, 55917]",603,17,24.253724000004695,805.9204529999988,830.1741770000035,0.0,0.16666666666666669
5a70f0a75542994082a3e403,"Which dialect spoken in the province of Scania calls Spettekaka, ""spiddekaga""?",Scanian dialects,Scandinavian,"[58152, 58154, 26764, 22767, 46146]",883,3,23.508119999974042,367.9178030000685,391.42592300004253,0.0,0.0
5ab53436554299637185c504,where was the musician and stand up comedian who recorded and released a live performance at London's Bloomsbury Theatre in May 2008 born?,"Northampton, England","Tim Minchin was born on October 1, 1973.","[57920, 24268, 57085, 47080, 7638]",421,16,23.053321000020333,659.9796379999816,683.0329590000019,0.0,0.0
5a74629255429929fddd8402,"Who wrote the music for Billy Elliot the Musical and had at least one song on the ""Billboard"" Hot 100 for 31 consecutive years?",Elton John,Elton John wrote the music for Billy Elliot the Musical.,"[61830, 60143, 60145, 36712, 37460]",997,12,22.350028000005295,742.3426010000185,764.6926290000238,0.0,0.4
5a73522d5542994cef4bc541,Altnahinch is located in a county that has a population density of how many per square mile? ,526,203,"[36969, 61926, 28940, 61922, 41225]",584,3,22.597679000000426,262.624489000018,285.2221680000184,0.0,0.0
5ade04a65542997545bbbe20,Don Holmes played for the football club that is based in what eastern suburb of Perth?,Bassendean,Bassendean,"[60171, 31046, 60170, 48879, 60173]",651,4,22.229738999953952,321.6842080000788,343.91394700003275,1.0,1.0
5a721e0e55429971e9dc928d,which university was founded first Duke University or Tufts University?,Duke University,Duke University,"[55908, 3519, 33993, 33997, 15746]",770,3,21.958934000053887,337.0776569998952,359.0365909999491,1.0,1.0
5a7b086a5542992d025e673a,What was the name of the company that produced  the first practical jet aircraft that first flew on 27 August 1939?,Heinkel Flugzeugwerke,Heinkel,"[57734, 57729, 57731, 57730, 38030]",629,2,26.591517000042586,247.46514399998887,274.05666100003145,0.0,0.6666666666666666
5a770d785542993569682cad,The Stone Book series is set in what country? ,North West England,Cheshire,"[62165, 13059, 10023, 33152, 43579]",552,2,22.25194699997246,220.6985950000444,242.95054200001687,0.0,0.0
5ade0fb95542997545bbbe39,How long is the river for which Frenchmans Creek is a tributary?,2844 km,7.51 km,"[61160, 61158, 61154, 19894, 17339]",420,5,22.20865499998581,279.88700100002006,302.0956560000059,0.0,0.4
5ae17f1e5542990adbacf7a6,In what region of Argentina is the city of Gualeguaychu located? ,Mesopotamia,Entre Ríos,"[62601, 60911, 29262, 8534, 29258]",620,4,22.218305000023975,315.06857299996227,337.28687799998625,0.0,0.0
5ac00de75542996f0d89cb13,Who designed the casino that The Venetian Macao is modeled on?,KlingStubbins,"Steelman Partners, LLP","[39280, 51446, 9831, 42427, 60207]",531,5,23.7781849999692,323.52577099993596,347.30395599990516,0.0,0.0
5aba5d2e55429901930fa799,"What was the name of a woman from the book titled ""Their Lives: The Women Targeted by the Clinton Machine "" and was also a former white house intern?",Monica Lewinsky,Monica Lewinsky,"[57628, 57631, 57626, 57627, 38171]",549,4,23.00540299995646,298.2730790000687,321.2784820000252,1.0,1.0
5ab875bd55429916710eb062,Mark Lawrence played for the Dallas Stars and which other NHL team?,New York Islanders,New York Islanders,"[62564, 62559, 62562, 62561, 26070]",855,3,23.749150999947233,361.43968299995777,385.188833999905,1.0,1.0
5a79c6a55542994bb9457091,"What prolific English engineer, who died on 15 December 1857, contributed to the advent of the hot air engine by way of their open cycle devices?",George Cayley,Sir George Cayley,"[8614, 8622, 8615, 20013, 52061]",642,4,26.932948000080614,327.73451999992176,354.6674680000024,0.0,0.8
5a84f8555542997175ce1f3a,The winner of the FIA World Endurance Championship in 2013 drove the Toyota TF101 with who?,Mika Salo,Mika Salo and Allan McNish.,"[56577, 46660, 46657, 46662, 34293]",691,9,22.346920000018144,535.7527689999415,558.0996889999597,0.0,0.5714285714285715
5abe64bf55429976d4830b13,"In the Morpeth Arms pub in London, there's a Spying Room with a view overlooking the headquarters of which organisation?",MI6,Secret Intelligence Service (SIS),"[58937, 58941, 20463, 50305, 50695]",619,7,33.2556600000089,455.1690120000558,488.4246720000647,0.0,0.0
5a807181554299485f5985ec,"Bob Edwards was the host of what show, that later was hosted by Renee Montagne?",Morning Edition,"""The Bob Edwards Show""","[57233, 57231, 57224, 43088, 44342]",682,5,22.250042999985453,362.98889199997575,385.2389349999612,0.0,0.0
5ae088525542993d6555eba1,Are Stan Lee and Mark Helprin both comic book writers?,no,"Yes, Stan Lee and Mark Helprin are both comic book writers.","[3763, 54624, 54626, 8343, 54630]",555,15,22.196125000050415,680.6317419999459,702.8278669999963,0.0,0.0
5ac27d2555429963665199dc,The teaching method that Maggie Gripenberg was the first to introduce to Finland is used to teach what?,music,Dalcroze Eurhythmics,"[57138, 57146, 57147, 57142, 17632]",551,7,22.438856000007945,400.708045999977,423.14690199998495,0.0,0.0
5ae5ef105542996de7b71a72,What is the seventh book of the Hebrew and Christina bible and also has Quran references to the river drinking experience?,Book of Judges,Book of Judges,"[60849, 60848, 18839, 56424, 60846]",830,3,28.375068999935138,356.4536370000724,384.8287060000075,1.0,1.0
5a82e36255429940e5e1a93b,What Manchester United and Portuguese national winger scored a goal in the 2009 FA Community Shield?,Nani,Nani,"[14805, 14810, 14803, 56278, 14809]",721,2,26.386558000012883,292.74965399997654,319.1362119999894,1.0,1.0
5adbd3405542994650320bf8,"Who was a member of ""Cheney"", who won 'Song of the Year' in 2009, Chris Cheney or Mikael Åkerfeldt?",Christopher John Cheney,Chris Cheney,"[55925, 55931, 52783, 21574, 21577]",699,2,22.33613700002479,271.32403500002056,293.66017200004535,0.0,0.4
5a77626b5542993569682d77,"What actress is known for a starring role in Robert Bresson's ""Pickpocket"" and has also been directed by Just Jaeckin, a former photographer?",Marika Nicolette Green,Marika Green,"[62799, 62794, 49397, 3728, 50222]",766,3,23.215120000031675,339.9043160000019,363.1194360000336,0.0,0.8
5a8510a25542994c784ddaf0,What profession does Stephen Jay Gould and Ann Beattie have in common?,writer,Novelist and short story writer.,"[54680, 54683, 10519, 9727, 53134]",607,7,23.684136999918337,420.08316900000864,443.767305999927,0.0,0.33333333333333337
5ae489ab5542995ad6573d62,"Which player, who also played for the New Jersey Nets and the Golden State Warriors, finished third in the league with 231 three-point field goals during the 1995-96 Atlanta Hawks season?",Mookie Blaylock,Mookie Blaylock,"[57405, 54392, 27303, 39260, 57403]",983,5,22.793733999947108,495.5991229999199,518.392856999867,1.0,1.0
5a78f05155429970f5fffde3,What award has both Nicole Kidman and Tom Cuise been given?,Golden Globe Award,Academy Award,"[61243, 57360, 60049, 60046, 10880]",679,4,24.17009999999209,331.8978429999788,356.0679429999709,0.0,0.4
5ae45cba5542991a06ce9a4a,"Tommy Faile sang the song ""the legend of Brown Moutain Lights"", about a series of ghost lights that can be seen from which viewpoint outside Linville Falls?",Wiseman's View,Wiseman's View,"[61754, 61751, 61750, 20885, 12559]",532,4,22.480683000026147,301.3963259999173,323.8770089999434,1.0,1.0
5a899bf955429946c8d6e959,When was the New Orleans Pelicans player featured on the NBA 2K16 cover first drafted?,2012,"March 11, 1993","[57269, 18420, 57268, 18422, 57272]",944,10,22.68724500004282,637.4646059999804,660.1518510000233,0.0,0.0
5ab4832e5542991751b4d79d,Who wrote the 1996 American historical drama film in which William Preston appeared?,Arthur Miller,"Arthur Miller wrote the 1996 American historical drama film ""The Crucible,"" in which William Preston appeared.","[9781, 58043, 709, 22745, 9784]",774,24,22.069636999958675,1069.5536969999466,1091.6233339999053,0.0,0.25
5a7312675542994cef4bc43d,Which one of Ricardo Rodríguez Saá's relatives would become governor from 1983 to 2001?,Adolfo Rodríguez Saá,Adolfo Rodríguez Saá,"[59052, 59048, 59045, 17113, 27518]",521,8,22.95081800002663,427.74046900001395,450.6912870000406,1.0,1.0
5a7265a95542992359bc307a,In what year did construction begin on the stadium where the 2013 America East Men's Lacrosse Tournament was held?,in 2000,1906,"[61502, 58806, 61498, 54229, 33473]",815,4,23.198672000035003,386.42975400000523,409.62842600004024,0.0,0.0
5a7a36e65542990198eaf0ea,When was the creator of Bully Boy born?,3 May 1958,2011,"[56120, 20496, 56119, 951, 15087]",607,4,22.008774000028097,308.28985899995587,330.29863299998397,0.0,0.0
5ae0f8a05542997b2ef7d0bc,Phil Edwards is an American surfer from California whose photo appeared in the cover of what magazine which has over 3 million subscribers and is read by 23 million people each week?,Sports Illustrated,Sports Illustrated,"[59738, 59736, 910, 49090, 2631]",693,2,22.6217210000641,271.67541899996195,294.29714000002605,1.0,1.0
5ac2dc4b55429921a00ab083,Are Donald Fagen and Lauren Laverne of the same nationality?,no,"No, Donald Fagen and Lauren Laverne are not of the same nationality. Donald Fagen is American, while Lauren Laverne is English.","[55245, 45619, 10212, 55277, 11880]",597,31,23.136046999979953,1261.3759070000015,1284.5119539999814,0.0,0.09523809523809523
5ae60426554299546bf83019,Which American Space Western animated series did Celebrity Home Entertainment released ,BraveStarr,BraveStarr,"[40542, 51404, 18635, 51471, 59116]",732,4,21.971985000050154,363.83664499999213,385.8086300000423,1.0,1.0
5a831fcc55429940e5e1a96a,Does Kurt Cobain and Glenn Frey work in the music industry?,yes,"Yes, both Kurt Cobain and Glenn Frey are musicians working in the music industry. Kurt Cobain was a founding member of the band Nirvana and later became a solo artist. Glenn Frey was a founding member of the rock band Eagles and also worked as a musician and actor.","[27073, 3255, 55042, 27075, 3248]",697,58,22.348427999986598,2264.088648999973,2286.4370769999596,0.0,0.046511627906976744
5abfad3c5542990832d3a197,what was the American computer-animated fantasy film which  Aron Warner produced based on ,William Steig's 1990 fairy tale,Shrek,"[59673, 59670, 53105, 29141, 4643]",635,2,24.00164699997731,244.19517000001179,268.1968169999891,0.0,0.0
5a7f7e3a5542992097ad2f89,"What actor appeared in ""Evening in Byzantium"" and was nominated for the Academy Award for Best Supporting Actor in 1973 for ""The Heartbreak Kid""?",Edward Albert Heimberger,Vince Edwards,"[56803, 56802, 37385, 56535, 38305]",626,3,21.709670000063852,293.7441579999813,315.4538280000452,0.0,0.0
5a712af15542994082a3e614,Which show that premiered in May 2011 is hosted by someone with the birth name Richard Kirschner?,My Cat from Hell,My Cat from Hell,"[61602, 2608, 39543, 17875, 7192]",420,4,22.564403000046696,256.4568650000183,279.021268000065,1.0,1.0
5ab83e1a55429919ba4e2280,What game where a play must act as a night security guard was a new intellectual property released in 2014?,Five Nights at Freddy's,Five Nights at Freddy's,"[38178, 19740, 58074, 39401, 13451]",1055,5,23.49107500003811,510.3181480000103,533.8092230000484,1.0,1.0
5abbc4d255429931dba144fe,"Which genus of plant grows originally in Mexico and Guatemala, Phylica or Weldenia?",Weldenia,Weldenia,"[55707, 55712, 42532, 5777, 15051]",478,3,21.959668000022248,240.46201500004827,262.4216830000705,1.0,1.0
5a7c66d555429935c91b518f,Who was born first Václav Havel or Penelope Fitzgerald?,Penelope Fitzgerald,"Václav Havel was born first, born on 5 October 1936.","[55099, 55096, 51685, 59933, 41687]",575,21,22.373635999997532,895.0716840000723,917.4453200000698,0.0,0.0
5ac036b95542992a796deccd,From where was the award which has Matt James as a winner in 2012 has its name derived? ,EN World web site,Wizards of the Coast,"[34798, 34792, 45779, 53956, 12214]",656,5,22.331957000005787,363.90969699994,386.2416539999458,0.0,0.0
5ac03b395542992a796decce,The screenplay for Alain Resnais' second film is who?,Alain Robbe-Grillet.,Marguerite Duras.,"[10653, 58170, 58171, 58172, 58173]",623,6,26.705276999905436,396.61805900004765,423.3233359999531,0.0,0.0
5ac272f95542992f1f2b38d3,Are Couroupita and Graptopetalum plants both native to central America?,yes,"No, Couroupita and Graptopetalum are not both native to Central America. Couroupita is native to tropical South America and Central America, while Graptopetalum is native to Mexico and Arizona.","[55997, 4175, 4201, 55996, 6450]",427,43,25.280018999978893,1652.1947109999928,1677.4747299999717,0.0,0.0
5ae655845542991bbc9760c3,"An American physicist coined the term ""soft energy path"" in 1976.  Today he is chairman and chief scientist of what?",Rocky Mountain Institute,Rocky Mountain Institute,"[56694, 30627, 54090, 56691, 16528]",682,4,23.09088200001952,332.3351259999754,355.4260079999949,1.0,1.0
5ae32c935542990afbd1e0bd,What English campaigner for the suffragette movement did Angela Down portray? ,Sylvia Pankhurst,Sylvia Pankhurst,"[22741, 56385, 43218, 43219, 41819]",751,6,22.16852700007621,435.488308999993,457.65683600006923,1.0,1.0
5ae2295c554299495565da13,The Missouri attorney general election of 2012 ended in a loss for which attorney and CNN contributor?,Edward Robert Martin Jr.,Ed Martin,"[58510, 58518, 60083, 13581, 24737]",625,2,21.286270000018703,244.82776399997874,266.11403399999745,0.0,0.3333333333333333
5ab9d13455429939ce03dc31,Margaret Wilson and Edna St. Vincent Millay have both been given what?,Pulitzer Prize,Pulitzer Prize,"[55428, 2457, 55432, 55434, 55436]",514,4,21.603077999998277,282.2137890000249,303.8168670000232,1.0,1.0
5a78db8055429970f5fffdb2,"Flyboys stars which actor who was nominated for an Academy Award for ""127 Hours""?",James Franco,James Franco,"[62442, 62444, 62438, 62440, 9084]",898,2,22.213432999933502,335.1487890000726,357.3622220000061,1.0,1.0
5a8d09a955429941ae14df71,This British television series was adapted from one of the better-known novels of a 19th-century writer and was first published in what magazine? ,Household Words,Cranford,"[16761, 48173, 58725, 25421, 12013]",678,3,22.205340000027718,300.50845200003096,322.7137920000587,0.0,0.0
5ae47fe255429913cc204482,This Australian racing driver currently drives the No. 22 Holden VF Commodore produced by Holden Commodore which manufactures what other models?,sedan and station wagon,Holden also produces the Holden Ute model.,"[61432, 61425, 21308, 61428, 61427]",458,10,22.016520000079254,489.5543190000353,511.5708390001146,0.0,0.0
5a810221554299260e20a1f9,Who wrote the 1970 international hit song Murray Head is most recognized for?,Andrew Lloyd Webber and Tim Rice,Mitch Murray and Peter Callander.,"[59389, 17455, 49599, 59388, 30230]",767,7,24.203615999908834,478.6827009999115,502.88631699982034,0.0,0.1818181818181818
5a7f96a95542995d8a8ddead,"IS Universidad de Oriente part of the same public university system as California State University, Dominguez Hills?",no,"No, Universidad de Oriente is not part of the same public university system as California State University, Dominguez Hills.","[48286, 29801, 54732, 48288, 55507]",505,24,22.605355999985477,992.79164699999,1015.3970029999755,0.0,0.10526315789473684
5a8b349a55429971feec466b,Are Mobile Regional Airport and Hoonah Airport located in California?,no,"No, Mobile Regional Airport and Hoonah Airport are not located in California. They are respectively located in Alabama and Alaska.","[55422, 55423, 5364, 55133, 47895]",564,25,26.80737599996519,1033.3506019999277,1060.1579779998929,0.0,0.09523809523809523
5ae792f55542994a481bbdae,"Which player selected out of the University of Florida with the third pick by the Hawks was born in June 3, 1986?",Alfred Joel Horford Reynoso,Al Horford,"[37103, 14089, 58400, 21041, 21038]",713,3,27.032633999965583,329.12557400004516,356.15820800001075,0.0,0.3333333333333333
5a9064c755429916514e74a6,What is the first name of Jack Benny Binion's father?,Lester,Benny,"[60288, 60292, 60289, 39157, 62275]",412,2,29.290696999964894,172.08870000001752,201.37939699998242,0.0,0.0
5ab8f4ee5542991b5579f091,"Which genus has more species, Lantana or Silybum?",Lantana,Silybum has more species than Lantana.,"[54952, 54953, 4265, 6456, 48530]",623,11,22.257664999983717,561.8713359999674,584.1290009999511,0.0,0.2857142857142857
5ae3992d5542994393b9e722,Chandamama and Kajal Aggarwal are both associated with which Indian film industries?,Telugu and Tamil,Tollywood,"[61769, 61766, 61771, 61768, 61767]",752,2,27.310517999922013,298.45693400000073,325.76745199992274,0.0,0.0
5a9068a95542990a98493621,"on 16 January 1995 ""First Knight"" was being filmed at a studio located how far from Windsor ?",7 miles,"Approximately 20 miles west of central London, and 7 miles from Windsor.","[62174, 62170, 51390, 17493, 35455]",514,18,24.331437999990158,822.5920889999543,846.9235269999444,0.0,0.2857142857142857
5a713ea95542994082a3e6e4,Alvaro Mexia had a diplomatic mission with which tribe of indigenous people?,Apalachees,Ais,"[57514, 61571, 53657, 21102, 8797]",784,2,22.802507999927002,307.9204560000335,330.7229639999605,0.0,0.0
5add673e5542992ae4cec54d,Joe Walker played for which team that ends their regular season with the Civil War rivalry game?,Oregon Ducks football,Oregon State University,"[56664, 56668, 31216, 10446, 36007]",699,3,23.177201999942554,306.1027470000681,329.2799490000107,0.0,0.3333333333333333
5a81e8a0554299676cceb157,"Which band has more members, Chvrches or Goodbye Mr. Mackenzie?",Goodbye Mr Mackenzie,"Goodbye Mr. Mackenzie has more members. Chvrches has three members (Lauren Mayberry, Iain Cook, and Martin Doherty), while Goodbye Mr. Mackenzie had five original members including Martin Metcalfe.","[4500, 54864, 54870, 54871, 34988]",594,49,22.49964700001783,1878.6397359999683,1901.139382999986,0.0,0.19354838709677416
5ae13f3c5542997b2ef7d168,Arthur Noss was a gunner for the commader during which two European theatre battles in WWII?,Battle of Britain and the Battle of Malta,"Eastern Front (World War II), Third Battle of Kharkov","[57341, 13007, 57343, 27857, 10783]",817,13,21.41535299995212,696.6694390000612,718.0847920000133,0.0,0.25
5a7363465542991f29ee2dd5,Which athlete was an American tennis player: Henri Kontinen or Melanie Oudin?,Melanie Oudin,Melanie Oudin,"[1604, 56045, 1601, 1602, 1605]",327,5,23.78048499997476,246.95990499992604,270.7403899999008,1.0,1.0
5a78ce79554299029c4b5ea1,Jacques Coghen is a direct ancestor to the spouse of which Belgian Queen?,Queen Mathilde,King Philippe of Belgium,"[62928, 62926, 28030, 56302, 28037]",555,4,22.13611900003798,290.0667260000773,312.2028450001153,0.0,0.0
5ac04a265542997d642959f1,In which Navy was the single-engine BAE Systems Hawk operated?,Royal Navy,United States Navy,"[61512, 59709, 61511, 61513, 61508]",497,3,21.588692000023002,242.59964300006231,264.1883350000853,0.0,0.4
5abda6b255429965af743d9a,Peter Jackson is Emeritus Professor of Medieval History at a public research university founded in 1949 as what?,the University College of North Staffordshire,University College of North Staffordshire,"[60659, 37513, 60658, 33537, 57049]",700,6,22.412170000052356,410.1409310000008,432.5531010000532,1.0,1.0
5ae365205542990afbd1e12d,"Who is the creator of the animated television series that its fourteenth episode of season three's title is ""Time Keeps on Slippin""?",Matt Groening,Pendleton Ward,"[56622, 51728, 51722, 51724, 27731]",676,4,22.9530970000269,334.4429950000176,357.3960920000445,0.0,0.0
5ae346365542991a06ce9985,The vynil collectible Vinylmation are all shaped with the body of a cartoon character created by who ?,Walt Disney and Ub Iwerks,Mickey Mouse,"[58142, 49103, 31689, 27742, 49143]",706,3,22.019340999918313,322.24096799996005,344.26030899987836,0.0,0.0
5ae8161555429952e35eaa04,Where was the match held where Chicharito scored goals along with Antonio Valencia and Dimitar Berbatov?,Wembley Stadium,"Wembley Stadium, London.","[60130, 11242, 14810, 60126, 60132]",616,7,22.702578000007634,419.24278299995876,441.9453609999664,0.0,0.8
5ae1f3df554299234fd04364,When did the  American rock singer  which performed  Recorded covers died ,at age 27,1970,"[56973, 58424, 40432, 45429, 14334]",615,4,27.1928659999503,310.77223299996604,337.96509899991634,0.0,0.0
5ab4ec2755429942dd415fa6,"Nelson Chai is the former president of what financial holding company that was founded in 1908, and is headquartered in New York City?",CIT Group Inc.,CIT Group,"[57282, 57283, 32122, 56144, 57277]",597,3,27.59897600003569,275.88091699999495,303.47989300003064,0.0,0.8
5add405f5542992c1e3a2581,What book provided the foundation for Masters and Johnson's research team?,Patterns of Sexual Behavior,"Masters and Johnson's research team, which included William H. Masters and Virginia E. Johnson, pioneered their research into the nature of human sexual response and the diagnosis and treatment of sexual disorders and dysfunctions from 1957 until the 1990s through their work together.","[62649, 62643, 62650, 61525, 54098]",537,60,21.92487499996787,2262.6021070000206,2284.5269819999885,0.0,0.08888888888888888
5a865e785542991e7718161b,"Which building is located a higher numbered street, Americas Tower or One Penn Plaza?",Americas Tower,Americas Tower,"[49462, 37302, 821, 46218, 55678]",661,3,23.722069999962514,297.89487100003953,321.61694100000204,1.0,1.0
5ab8633c55429919ba4e22d6,"Q: Who had more solo albums, Marty Raybon or Greg Graffin?",Gregory Walter Graffin,Greg Graffin,"[55498, 55494, 55495, 34565, 30446]",657,4,27.47883700010334,335.58689199992386,363.0657290000272,0.0,0.4
5a7c762d55429935c91b51c7,Mike Welch attended high school that serves how many students ?,2200 students,812,"[61086, 61089, 14052, 53998, 10192]",796,3,22.08733499992377,347.2793010000714,369.3666359999952,0.0,0.0
5abd920e55429924427fd05d,Were both Peter Duffell and Fred Niblo actors?,yes,"Yes, both Peter Duffell and Fred Niblo were actors.","[54889, 54891, 54893, 30804, 34164]",524,15,21.55753299996377,679.3855859999667,700.9431189999304,0.0,0.19999999999999998
5a7a27b35542996a35c1710b,"What was the release year of the song which, according to Peter Viney, appeared on most subsequent live album and compilations?",1968,1968,"[57383, 44762, 62468, 12481, 32943]",801,4,23.413170000026184,383.4692719999566,406.8824419999828,1.0,1.0
5a76a1a35542993735360122,What is the nickname of a professional German footballer as well as the name of a children's book?,The BFG,Balu,"[12416, 45979, 9187, 12413, 59978]",607,2,22.88316300007409,238.54688200003693,261.430045000111,0.0,0.0
5ab596d95542992aa134a371,WHere are both Sanming and Jiutai District located?,China,"Both Sanming and Jiutai District are located in western Fujian province, China.","[55625, 55623, 5358, 3908, 55626]",641,18,22.200734999955785,827.0153559999471,849.2160909999029,0.0,0.15384615384615385
5a8257fa55429940e5e1a866,The most famous song of the last monarch of Hawaii was what?,Aloha ʻOe,"""Aloha ʻOe""","[58373, 58370, 58369, 58371, 12049]",809,8,22.22035199997663,528.5175270000764,550.737879000053,1.0,1.0
5a79c3785542994bb9457074,Nell Williams Plays a younger version of this Character in HBO's Game of thrones that is also in Which fantasy novel Series written by George R.R. Martin?,A Song of Ice and Fire,Cersei Lannister,"[57766, 57772, 39580, 27674, 19543]",605,6,22.363157000086176,377.0799359999728,399.443093000059,0.0,0.0
5ae70f4c5542991bbc9761b2,"Trilochanapala, last king of the Kabul Shahi dynasty, ruled in the site of which modern country?",Afghanistan,Afghanistan,"[59698, 59692, 59695, 59693, 31879]",760,3,22.729950000098142,336.5640499999927,359.2940000000908,1.0,1.0
5abce7d755429959677d6b3a,Docks has hosted the funk rock band formed in what city in 1983?,Los Angeles,Los Angeles,"[57112, 57110, 57111, 33340, 11]",747,2,23.240094000016143,292.5854379999464,315.82553199996255,1.0,1.0
5abdcad155429965af743e4d,which has more acts Pagliacci or Suor Angelica?,Pagliacci,"Pagliacci has two acts, while Suor Angelica has one act.","[54655, 54661, 54658, 1912, 4132]",416,16,21.386892999998963,680.1171800000247,701.5040730000237,0.0,0.18181818181818182
5a7415cf55429979e28828a6,When did the person who claimed that Fidel Castro was killed in the 26th July Movement but was proven wrong by Herbert Matthews first serve as President of Cuba?,1940,1940,"[61287, 61289, 61291, 61293, 61284]",938,4,22.828247999996165,421.7513410000038,444.57958899999994,1.0,1.0
5a81967a55429926c1cdad44,"Where does the Husband character reside in the book published in 1847 under the pseudonym ""Ellis Bell""?",Thrushcross Grange,Wuthering Heights,"[38183, 61124, 61127, 61130, 61126]",525,4,21.53877199998533,287.1053380000603,308.64411000004566,0.0,0.0
5a75227955429929fddd8508,What is the name of the largest shopping center in the City of Tea Tree Gully? ,Westfield Marion,Westfield Tea Tree Plaza,"[61282, 22634, 22636, 22633, 59361]",540,5,32.73177200003374,329.15084399996886,361.8826160000026,0.0,0.3333333333333333
5abbf7d755429931dba145eb,ICI House is now named after the company that provides what type of item?,explosives,Orica,"[57842, 59493, 43056, 5967, 40791]",546,2,22.81744400011121,220.18212799991943,242.99957200003064,0.0,0.0
5a75083b5542996c70cfae7e,Which British independent private day school for boys did Charles John Godfrey Saunders attend?,Merchant Taylors' School (MTS),Merchant Taylors' School,"[58936, 58931, 6897, 36674, 58934]",669,6,22.267061999968973,418.01710300001105,440.28416499998,0.0,0.8571428571428571
5ab6fc8a5542991d32223714,What famous pawn shop do Richard Kevin Harrison and Core Harrison own?,World Famous Gold & Silver Pawn Shop,World Famous Gold & Silver Pawn Shop,"[59656, 59650, 59651, 59653, 59655]",620,7,23.752063999950224,421.3769409999486,445.1290049998988,1.0,1.0
5a77685e5542993569682d83,"Which came first, Battle of Antietam or Battle of Guam?",Battle of Antietam,Battle of Guam,"[54805, 54808, 54809, 54806, 4392]",567,3,21.464706999950067,256.02207199995064,277.4867789999007,0.0,0.6666666666666666
5ac179bf5542994ab5c67d60,Are Castor et Pollux and Manon Lescaut composed by the same people?,no,"No, Castor et Pollux and Manon Lescaut are not composed by the same people. Castor et Polluce is an opera seria by Francesco Bianchi, while Manon Lescaut is an opera by Giacomo Puccini.","[55890, 55896, 55894, 55889, 55897]",567,52,21.596998999939387,1977.395040000033,1998.9920389999725,0.0,0.06451612903225806
5a7780e855429949eeb29e9f,"What actor portrayed that characters ""Kick-Ass"" and ""Count Vronsky""?",Aaron Taylor-Johnson,Aaron Taylor-Johnson,"[56469, 56464, 56468, 39850, 25665]",666,5,23.596008000026814,363.67923900002097,387.2752470000478,1.0,1.0
5ae60dcc554299546bf83043,Young Dolph was featured on the hit single by which American hip hop recording artist?,O.T. Genasis,O.T. Genasis,"[61457, 37256, 40867, 13340, 25372]",994,5,22.182240999995884,490.7223980000026,512.9046389999985,1.0,1.0
5a8ee4315542990e94052ba7,What officially ended the first phase of the military conflict between the British Raj and the Emirate of Afghanistan from 1878 to 1880?,Treaty of Gandamak,"The Treaty of Gandamak, which was signed on September 16, 1879, officially ended the first phase of the military conflict between the British Raj and the Emirate of Afghanistan from 1878 to 1880.","[60057, 12628, 12630, 60060, 60054]",1025,54,21.999456000003192,2241.4670029999115,2263.4664589999147,0.0,0.19354838709677416
5a83697e5542996488c2e441, Park Seo-joon is best known for his role in a series that premiered on what month and day?,May 22,"May 22, 2017","[57807, 60810, 11706, 29930, 8517]",488,10,22.872534000043743,487.7018739999812,510.57440800002496,0.0,0.8
5ab2b8fe5542991669774070,Which American car rental company is also a member of the Association of Car Rental Industry Sytems Standards?,Budget Rent a Car,"Budget Rent a Car System, Inc.","[61724, 12068, 12074, 61726, 12065]",442,8,21.869890000061787,384.07785199990485,405.94774199996664,0.0,0.7499999999999999
5ac4392e5542997ea680ca32,Were Enrique Carreras and Lionel Ngakane both filmakers during the 20th century? ,yes,Yes,"[55718, 1277, 20425, 59839, 6619]",648,1,21.819414999981745,217.6723369999536,239.49175199993533,1.0,1.0
5a7fc5875542992e7d278d67,What Theo Avgerinos movie did the actor known for the role as Matt McNamara appear in?,Fifty Pills,"""Theatrical""","[56819, 28920, 41331, 56820, 40134]",693,4,21.689837000053558,331.0858870000857,352.77572400013923,0.0,0.0
5abb207d5542992ccd8e7f1d,Wincenty Gostkowski was a lawyer for the watch manufacturer Patek Philippe & Co. in which city in Switzerland?,"Geneva, Switzerland",Geneva,"[59497, 59500, 59491, 59492, 62839]",406,2,21.750907000068764,166.65852400001313,188.4094310000819,0.0,0.6666666666666666
5ab2c0de5542992953946870,"Football at the 2006 Asian Games with Wisoon Wichaya as its coach was played how many days prior to the opening ceromony in Doha, Qatar in 2006? ",14,14 days prior to the opening ceremony.,"[59209, 59207, 59208, 51155, 59211]",655,9,21.198228000002928,507.63434899999993,528.8325770000029,0.0,0.2857142857142857
5ae1d4e8554299234fd04312,Any Questions for Ben? was directed by which Australian producer and actor?,"Robert Ian ""Rob"" Sitch",Rob Sitch,"[60719, 3256, 23805, 29176, 59940]",622,3,22.82674399998541,279.2140130000007,302.0407569999861,0.0,0.6666666666666666
5a859a755542992a431d1b6d,"Who was considered more iconic, Charlie Chaplin or Bruce Bilson?","Charles Spencer ""Charlie"" Chaplin",Charlie Chaplin,"[54643, 54642, 17939, 17934, 17931]",782,3,21.670066999945448,340.1282290000154,361.7982959999608,0.0,0.6666666666666666
5abdbf3755429933744ab818,Have Tionne Watkins and Park So-yeon both been members of a girl group?,yes,"Yes, Tionne Watkins and Park So-yeon have both been members of a girl group.","[55515, 36420, 14261, 54298, 15917]",545,21,21.99440300000788,891.6384300000573,913.6328330000651,0.0,0.13333333333333333
5a738093554299623ed4abbb,Alex Haley wrote what novel about a man that was born in 1750?,Roots: The Saga of an American Family,Roots,"[53154, 24120, 30723, 31923, 41687]",557,2,21.117102999937742,220.43877300006898,241.55587600000672,0.0,0.33333333333333337
5a79b7f6554299029c4b5f6f,How many restaurants comprise the quick service restaurant chain that Ron Joyce helped found?,"4,613",Two,"[42960, 18774, 14948, 37538, 42963]",517,1,21.206152999980077,178.00549599996884,199.21164899994892,0.0,0.0
5a7a650355429941d65f2615,"Who was born first, Lecrae Devaughn Moore or Gawvi?",Lecrae Devaughn Moore,Gawvi,"[59968, 28610, 8248, 5551, 49204]",650,3,21.420054000031996,283.0903079999416,304.5103619999736,0.0,0.0
5a7b3d565542992d025e67b6,In what mountain range that extends through multiple countries is there a mountain that lies southeast of Jacabamba?,The Andes,Andes,"[62627, 8534, 17035, 62628, 15171]",870,2,25.65660300001582,326.2269040000092,351.883507000025,1.0,1.0
5a7f39d055429934daa2fd2a,"Which is a comedy film, The Million Dollar Duck or Don Quixote?",The Million Dollar Duck,The Million Dollar Duck,"[1170, 27742, 56010, 52408, 14314]",612,4,22.20466399990073,306.9900039999993,329.19466799990005,1.0,1.0
5ac560235542993e66e82396,Sarah Price and Rob Schneider are both what profession? ,director,Filmmaker,"[27040, 55413, 55415, 55414, 59940]",693,3,21.535293999932037,291.3678859999891,312.9031799999211,0.0,0.0
5a7cd280554299452d57ba7f,What star of a Matthew Senreich and Zeb Wells comedy was born in July of 1983?,Heidi Lynn Gardner,Jonah Hill,"[59616, 19668, 22801, 9325, 31677]",797,3,21.65275799995925,352.8373519999377,374.49010999989696,0.0,0.0
5ade78e255429939a52fe8d0,What series was Emily Bergl in that is set in Chicago?,Shameless,Shameless,"[59526, 30253, 54466, 59530, 41428]",778,3,22.449586999982785,335.6798089999984,358.12939599998117,1.0,1.0
5a84d2ea5542992a431d1aa8,What career titles do Ed Wood and Fernand Rivers share?,"actor, writer, producer, and director",Film producer,"[3300, 55933, 14424, 21025, 2705]",505,2,22.723027999973056,210.5866279999873,233.30965599996034,0.0,0.28571428571428575
5ab3cc395542992ade7c6e9f,Party of Syrian Unity was established in the wake of a public statement that announced what ?,"support for the establishment of a ""national home for the Jewish people"" in Palestine",the publication by the Bolsheviks of the secret May 1916 Sykes-Picot Agreement between Britain and France.,"[56944, 56939, 56941, 27694, 56943]",778,25,21.654997999917214,1098.8515179999467,1120.506515999864,0.0,0.08
5ae00de055429906c02daab5,Morgan Paull played Dave Holden in a 1982 film loosely adapted from a novel by what author?,Philip K. Dick,Harry Mulisch,"[60857, 54204, 15004, 56342, 16163]",506,3,28.604817999962506,245.21581600004083,273.82063400000334,0.0,0.0
5a7b85ac5542997c3ec971ef,Milo Parker starred in which 2014 movie alongside Gillian Anderson?,Robot Overlords,"Milo Parker starred in ""The X-Files: I Want to Believe"" alongside Gillian Anderson in 2014.","[32043, 60451, 21149, 7237, 21468]",739,27,25.678917000050205,1159.7557229999893,1185.4346400000395,0.0,0.0
5a7af08655429931da12c989,"What are caesium-137, radium and uranium-234 examples of?",radionuclides,"Radioactive isotope, radionuclide, fissile isotope.","[60541, 60543, 17139, 19105, 16886]",714,15,22.424541999953362,716.9041079999943,739.3286499999476,0.0,0.0
5ae760415542997b22f6a708,Which of the people that helped Max Hoffmann do defeat the Russia army was born on 9 April 1865?,Erich Friedrich Wilhelm Ludendorff,Vladimir Lenin,"[60220, 60215, 59536, 21223, 59541]",1168,4,27.1120959999962,524.4998459999124,551.6119419999086,0.0,0.0
5a84bbb35542991dd0999dc0,Mother and daughter duo Indian actresses appear in which type of films,Malayalam movies,silent films,"[30101, 1548, 37567, 19664, 37569]",993,2,26.707013000077495,383.65119399998093,410.3582070000584,0.0,0.0
5a8b6efd5542997f31a41d2b,what are the low sea stacks in the Shetland Islands called?,Ramna Stacks,Skerry,"[58769, 58768, 58777, 58773, 58775]",387,2,21.12408300001789,168.46055500002421,189.5846380000421,0.0,0.0
5a7a073a5542990783324dfb,"Who was born first, Helen Jonas-Rosenzweig or Amon Göth?",Amon Leopold Göth,Helen Jonas-Rosenzweig,"[62802, 62804, 21378, 21382, 30723]",566,8,21.68223000001035,448.4704280000642,470.15265800007455,0.0,0.0
5a758ba75542992db9473677,Who was born first Garo Yepremian or Michael Casey ?,"""Garo"" Yepremian",Michael Casey,"[54855, 54862, 54856, 49938, 27492]",335,2,21.94098200004646,137.93957100006082,159.88055300010728,0.0,0.0
5adc985e5542990d50227cb7,Where will the student which pass the exam  for which Le Rêve de Rico has to pass progress to? ,secondary school study,High school.,"[62148, 25441, 62143, 3432, 12502]",454,3,26.577141000075244,216.87885399990137,243.4559949999766,0.0,0.4
5a74b4e555429929fddd84c2,Does MedStar Washington Hospital Center or Children's National Medical Center have more beds?,MedStar Washington Hospital Center,"MedStar Washington Hospital Center has more beds than Children's National Medical Center. MedStar Washington Hospital Center is licensed for 926 beds, while Children's National Medical Center has 303 beds.","[2956, 3235, 3231, 2954, 2644]",656,42,21.901951000018016,1693.7209310000299,1715.6228820000479,0.0,0.2285714285714286
5a8e82ff5542995a26add4e2,Which pistol was replaced by a pistol manufactured by Spreewerk?,Luger P08,Walther P38,"[61664, 38954, 17431, 61663, 61665]",575,5,26.192251999987093,331.47161099998357,357.66386299997066,0.0,0.0
5adea62e55429975fa854f3b,Are the Prince of Wales and Flaming beverage both non-alcoholic drinks?,no,"No, the Prince of Wales and Flaming beverage are not both non-alcoholic drinks.","[55860, 54572, 60357, 52, 14385]",680,18,21.7984720000004,830.899158999955,852.6976309999554,0.0,0.14285714285714288
5add24375542992c1e3a2542,Are Werther and The Odyssey both operas?,no,"No, Werther is not an opera, while The Odyssey is.","[54632, 54638, 54635, 54633, 54982]",522,14,22.5718039999947,657.8433350000523,680.415139000047,0.0,0.2222222222222222
5ab5ecd75542992aa134a3e6,Which Dutch media tycoon transferred all of its media activities to Talpa Holding?,John de Mol Jr.,John de Mol Jr.,"[58713, 58711, 58715, 58719, 58716]",515,5,22.03931899998679,317.5772260000258,339.6165450000126,1.0,1.0
5adc8d4f554299473435373d,Edwyn Collins and Ian Gillan both have which profession in common?,singer,Musician,"[957, 54880, 24016, 24012, 3522]",342,2,22.269957999924372,159.42022100000486,181.69017899992923,0.0,0.0
5ab71b5c5542991d3222377e,What is a luxury goods company long Northern Boulevard in the Miracle Mile?,Gucci,Neiman Marcus,"[62692, 62281, 36439, 62690, 55071]",422,3,22.013499999957276,216.39474599999176,238.40824599994903,0.0,0.0
5ae01fcf554299025d62a411,What type of students attend the school adjacent to Pilgram Hospital?,girls aged 11 to 18,"Undergraduate and postgraduate students attending the Stony Brook University School of Medicine, which is adjacent to Pilgrim Hospital.","[28, 55913, 11067, 48560, 22]",706,24,27.51745899990965,1034.5995820000553,1062.117040999965,0.0,0.0909090909090909
5a7b1a82554299042af8f6cf,What is the fourth most populous urban area in the Republic of Ireland and has the housing estate Corrib Park?,Galway,Galway,"[58753, 58749, 58748, 51381, 26882]",555,2,27.207087999954638,224.0159579999954,251.22304599995005,1.0,1.0
5a8841195542994846c1ce65,"Who produced the 1998 British comedy starring the director of the feature film ""Eddie the Eagle""?",Matthew Vaughn,Matthew Vaughn,"[21147, 43458, 57085, 62529, 41822]",514,3,27.45235700001558,247.8122730000223,275.26463000003787,1.0,1.0
5ab938fb554299131ca422ce,Löwenbräu and Bürgerbräukeller are both located where?,Germany,"Both Löwenbräu and Bürgerbräukeller are located in Munich, Germany.","[58455, 58454, 10730, 56560, 1198]",548,18,22.088916000029712,783.289423000042,805.3783390000717,0.0,0.14285714285714288
5abbf3845542993f40c73c2e,Of which band was the singer who released the record I Get Weak once a member ?,"The Go-Go's,",Belinda Carlisle,"[40349, 15656, 5715, 8237, 49895]",800,4,23.416548000000148,382.4550200000658,405.87156800006596,0.0,0.0
5ae7909f5542994a481bbda6,Which of the teams for which Colin Kolles is the former team principal and managing director was sold and renamed Force India at the end of the 2007?,Spyker F1,Spyker F1,"[60511, 60503, 60512, 42093, 9104]",957,4,27.20372100009172,427.49680600002193,454.70052700011365,1.0,1.0
5ae6b6065542991bbc976168,"Out of the actors who have played the role of Luc Deveraux in the Universal Soldier franchise, which actor has also starred in the movies Holby City, Doctor Strange, the Bourne Ultimatum and Zero Dark Thirty?",Scott Adkins,Scott Adkins,"[33056, 33055, 61882, 51238, 33057]",803,3,22.20361399997728,360.2007209999556,382.40433499993287,1.0,1.0
5ae535bc55429960a22e0260,The eldest daughter of Princess Louise of Denmark and Norway was the wife of a king whose motto was what?,God and the just cause,"The eldest daughter of Princess Louise of Denmark and Norway was the wife of a king whose motto was ""God and the just cause"".","[56299, 56295, 56300, 41749, 38568]",598,26,22.38822899994375,1087.9424080000035,1110.3306369999473,0.0,0.33333333333333337
5adf38ae5542993a75d26433,Both Alexander Hall and Pierre Morel are involved in which profession?,film director,Film directing and cinematography.,"[10964, 54706, 54705, 54704, 54703]",448,6,21.916754000017136,317.1277229999987,339.04447700001583,0.0,0.3333333333333333
5ab6644655429954757d327d,"What team competed in six competitions in their 116th season, and four in their 117th?",Football Club Barcelona,Inter Milan,"[45629, 33230, 37795, 62191, 62342]",1061,2,22.344261000057486,407.52992399995946,429.87418500001695,0.0,0.0
5ae8242455429952e35eaa54,What bitcoin start up featured Erik Voorhees as Director of Marketing?,BitInstant,BitInstant,"[26407, 26404, 58091, 26410, 26402]",543,2,21.934165000061512,216.09714900000654,238.03131400006805,1.0,1.0
5a77414155429972597f14d7,Who starred in Umm-e-Kulsoom whose mother was Afshan Qureshi?,Faisal Qureshi,Faisal Qureshi,"[62520, 62513, 46271, 11887, 32952]",627,5,21.418192999931307,385.312612000007,406.7308049999383,1.0,1.0
5a8193275542995ce29dcc07,"Frankenweenie featured the voice of a Canadian American actress who is known for Second City Television, as well as what 1996 movie that was directed by Christopher Guest?",Waiting for Guffman,"Catherine O'Hara, known for Second City Television and the 1996 film ""Waiting for Guffman,"" voiced the character of Sally in Frankenweenie.","[57477, 55328, 15580, 25914, 24602]",938,35,22.01257399997303,1553.3735999999863,1575.3861739999593,0.0,0.2608695652173913
5a77c0c05542995d831812a1,What was the name of the person that was interviewed and later written about by John G. Neihardt?,Black Elk,Black Elk,"[56331, 56336, 56335, 56919, 56333]",557,2,23.207653000099526,220.41371399996024,243.62136700005976,1.0,1.0
5a7bbc59554299294a54aaa9,"Steve Denton and Albert Costa are both tennis players, which one began playing at the age if five?",Costa,Albert Costa began playing tennis at the age of five.,"[54797, 54790, 54798, 2812, 54799]",565,11,24.181225000006634,542.8091369999493,566.9903619999559,0.0,0.19999999999999998
5a7b695f5542997c3ec97156,In 2106 this magnetically confine nuclear fusion device achieved the highest pressure of a gaseous mixture of negatively charged electrons and highly charged ions called what?,Plasma,highly charged ion,"[62634, 62633, 54111, 62636, 62638]",723,4,27.300749999994878,361.54077399999096,388.84152399998584,0.0,0.0
5adc51375542996e68525300,Roger Stuart Woolhouse is a biographer of a philosopher commonly known as what ?,Father of Liberalism,The Father of Liberalism.,"[57551, 1236, 57555, 17122, 49882]",662,6,22.96602800004166,392.5038879999647,415.4699160000064,1.0,1.0
5a77666555429966f1a36d1f,What is the nationality of the foreign born victim of Singapore's caning punishment before Oliver Fricker experienced the same?,American,Michael P. Fay,"[58365, 58364, 58361, 52369, 58363]",609,4,23.314768999966873,307.79998299999534,331.1147519999622,0.0,0.0
5ab8ee805542991b5579f051,The German who is credited with inventing the V-2 rocket and Saturn V was also a supervisor of what NASA program?,Applications Technology Satellites,Operation Paperclip,"[62656, 62658, 62652, 61110, 13162]",843,3,21.884569000008014,356.93090199993094,378.81547099993895,0.0,0.0
5a8b987f5542997f31a41d7a,"What is the name of the detective novelist parent of the author of '""Q"" Is for Quarry'?",C. W. Grafton,Richard Queen,"[61649, 12298, 17408, 35909, 54600]",556,2,23.029783999959363,223.60560699996768,246.63539099992704,0.0,0.0
5ae61e7555429929b0807adf,Renzo Gracie has a victory over the UFC champion who was one of the pioneers of what sports organization?,MMA,Brazilian jiu-jitsu,"[43472, 60389, 39426, 39423, 58747]",766,6,22.098656999901323,438.928863000001,461.0275199999023,0.0,0.0
5ab6ddb655429953192ad39e,Roden Brothers were taken over in 1953 by a group headquartered in which Canadian city ?,Montreal,Toronto,"[61576, 58101, 8224, 21512, 54436]",766,1,26.873599000055037,265.9956319999992,292.86923100005424,0.0,0.0
5addf05a5542997dc79070cd,Were Maurice Tourneur and Greg Mottola both American film directors?,French film director,Yes,"[56040, 56044, 59839, 20425, 32287]",814,1,22.158165999940138,276.9415510000499,299.09971699999005,0.0,0.0
5ab2da13554299194fa93542,"ho is the brother of the American transgender actor known for his work on MTV's ""Faking It?""",Connor,"Dick Ho is the brother of the American transgender actor known for his work on MTV's ""Faking It.""","[61690, 61689, 34987, 34425, 45728]",515,22,28.20551299998897,926.1371100000133,954.3426230000023,0.0,0.0
5a819e2755429903bc27b988,Nguyễn Văn Trỗi tried to assassinate a future ambassador from which US state ?,Massachusetts,Henry Cabot Lodge Jr.,"[61774, 52966, 29627, 54177, 29634]",722,6,22.546461000047202,429.0821639999649,451.6286250000121,0.0,0.0
5ac3c0495542995ef918c215,SLS station was designed to allow access to the area of Las Vegas that includes a hotel and casino in what other town?,Winchester,Winchester,"[58649, 9836, 41093, 9829, 22900]",617,2,22.830652000038754,247.83951400002024,270.670166000059,1.0,1.0
5ac42a64554299076e296d7b,Clipper Cargo was a subsidiary cargo airline of  the principal and largest international air carrier in the United States that was founded in what year?,1927,1927,"[50959, 62673, 18360, 19624, 44311]",792,4,23.028891999956613,385.8161220000511,408.8450140000077,1.0,1.0
5ab5c984554299488d4d9a21,How many minutes outside of Carson City is the Moonlite BunnyRanch on Moonlight Road?,a few minutes,6 mi,"[61473, 42580, 61474, 27020, 42586]",560,2,22.89574700000685,226.1759919999804,249.07173899998725,0.0,0.0
5ab3952e5542992ade7c6de8,On what day of the week did the eleventh season's finale of American Dad air?,Sunday,"The eleventh season's finale of American Dad aired on Wednesday, September 21, 2014.","[59285, 59287, 59290, 26656, 31559]",595,24,22.416282999984105,1009.2612990000589,1031.677582000043,0.0,0.0
5ae603ba5542996de7b71af4,"Having written singles for several country acts, including Randy Travis, Blake Shelton, and Keith Whitley, what singer song writer achieved his 3rd No 1 single by writing ""Always and Forever""?",Paul Overstreet,Paul Overstreet and Don Schlitz,"[62662, 62665, 44002, 28589, 62667]",694,7,23.380540999937693,462.1273809999593,485.507921999897,0.0,0.5714285714285715
5a77afcd5542997042120adf,Who is older Carrie Akre or Shifty Shellshock?,Carrie Akre,Shifty Shellshock is older than Carrie Akre.,"[55783, 55776, 52805, 55775, 55782]",467,12,22.00240600006964,525.5625720000126,547.5649780000822,0.0,0.4444444444444445
5ac048cc554299294b218f73,The major benefactor who donated money to build Archbold Gymnasium sold his oil company to whom?,John D Rockefeller's Standard Oil Company,Standard Oil Company,"[62138, 41867, 22548, 62132, 2800]",940,3,22.266348000016478,388.84874499990474,411.1150929999212,0.0,0.6
5a7125165542994082a3e5d0,"Which composer was a French Romantic composer in the 1800's, Hector Berlioz or Gaetano Donizetti?",Louis-Hector Berlioz,Hector Berlioz,"[55699, 55702, 7129, 55700, 7125]",564,5,22.624545999974544,380.78223100001196,403.4067769999865,0.0,0.8
5adc85b855429944faac24e9,Who is an Australian philosopher that inspired Living High and Letting Die?,Peter Singer,Peter K. Unger,"[61227, 61229, 17122, 29730, 57555]",833,5,24.56913799994709,427.0662569999786,451.63539499992567,0.0,0.4
5a81a84e5542990a1d231e4e,What year was the Argentine singer and actor who both directed and starred in El Tio Disparate born?,1942,1942,"[62878, 28537, 41787, 14353, 62877]",520,4,23.54688000002625,294.29716899994673,317.844048999973,1.0,1.0
5a90b1635542990a984936a9,Who was the secretary to the Winter Queen?,Sir Francis Nethersole,The Canadian Secretary to the Queen.,"[60814, 60822, 8099, 60817, 60813]",631,7,22.785288000022774,423.328620999996,446.1139090000188,0.0,0.0
5adf9d135542995534e8c817,Are Des Moines International Airport and Grand Canyon National Park Airport both major airline hubs?,no,"No, Des Moines International Airport and Grand Canyon National Park Airport are not both major airline hubs. Des Moines International Airport is described as having 19 connections to major airline hubs, while Grand Canyon National Park Airport is noted for being near Grand Canyon National Park with limited commercial services.","[55386, 55380, 3658, 58928, 8407]",704,56,22.526803000005202,2206.0820439999134,2228.6088469999186,0.0,0.0392156862745098
5a7281075542994cef4bc2e9,"In 1736, a fortified complex was built in the heart of Moscow. What is this complex known as?",Moscow Kremlin,Kremlin Arsenal,"[56307, 56311, 56309, 56306, 46360]",825,4,22.438362999992023,393.34291600005145,415.78127900004347,0.0,0.5
5ab29caa554299545a2cf9d3,Which gaming console was both Yakuza Kiwami and Yakuza 0 released on?,PlayStation 4,PlayStation 4,"[60240, 60246, 60244, 60247, 60238]",965,4,23.00819499998852,426.3329519999388,449.34114699992733,1.0,1.0
5a900b575542995b44242099,"Which director, Christopher Guest or Elem Klimov, is known for writing, directing and starring in his movies?",Christopher Guest,"Christopher Guest is known for writing, directing and starring in his movies.","[49957, 55328, 49956, 49955, 40949]",761,14,21.859003999907145,737.6627859999871,759.5217899998943,0.0,0.2857142857142857
5a71380c5542994082a3e68b,What iron-hulled steamship designed by Theodore Timby was The Orleans County Monitor Newspaper named after? ,"USS ""Monitor""","USS ""Monitor""","[57958, 57962, 57965, 44448, 32587]",645,5,23.9637299999913,352.0337780000773,375.9975080000686,1.0,1.0
5ab600fb554299488d4d9a82,Under Which Stanmore born prime minister was John Gorton a serving minister? ,Harold Holt,Harold Holt,"[57943, 57944, 57946, 26876, 57945]",441,3,20.567338000091695,215.13000000004467,235.69733800013637,1.0,1.0
5ab8e70b5542991b5579f031,"Besides dísir, what is another Nordic term for a ghost?",Idisi,Andlang,"[60782, 17636, 60779, 60780, 56423]",643,2,22.894632999964415,247.1754329999385,270.0700659999029,0.0,0.0
5a90d25655429916514e7585,"Who is younger, Martin Luther King III or his brother Dexter?",Dexter,Martin Luther King III is younger than Dexter.,"[59348, 59354, 27567, 26268, 26266]",729,9,21.47431499997765,542.9199870000048,564.3943019999824,0.0,0.2222222222222222
5ae75e335542991e8301cc70,Caleb Kelly plays for a football team with whom as head coach?,Lincoln Riley,Oklahoma Sooners,"[61038, 25354, 61041, 39530, 34665]",743,5,26.953268999932334,392.6895939999895,419.6428629999218,0.0,0.0
5a8a484f5542996c9b8d5e94,"What city did the author of ""Portraits and Prayers"" choose to live in after moving to France?",Paris,Paris,"[5023, 3108, 23361, 1376, 8865]",680,1,28.17674100003842,222.42852399995172,250.60526499999014,1.0,1.0
5abe731255429965af743f0e,What profession does Matt Thiessen and George Thorogood have in common?,musician,Musician,"[55447, 50079, 36284, 60394, 31390]",619,2,21.843065999973987,238.4660080000458,260.3090740000198,1.0,1.0
5ab868e755429919ba4e22e3,"Which company has more divisions within it, WPX Energy or Hewlett Packard Enterprise?",Hewlett Packard Enterprise Company,"Hewlett Packard Enterprise has more divisions within it compared to WPX Energy. Hewlett Packard Enterprise has four divisions including Enterprise Group, Services, Software, and Financial Services. WPX Energy has only one division focused on petroleum and natural gas exploration.","[54915, 54918, 54922, 54917, 54916]",502,52,22.36578899999131,1962.203377000037,1984.5691660000284,0.0,0.13953488372093026
5a83108d55429966c78a6b1e,"Which cocktail's name describes how the drink looks, Blue Hawaii or Baby Guinness?",Baby Guinness,Blue Hawaii,"[55692, 55691, 55458, 6955, 3042]",486,2,23.880069000028925,213.92552099996465,237.80558999999357,0.0,0.0
5a7fb23f5542994857a767be,What is the chemical formula of the organic material that clementines have less of than oranges?,CHO,The chemical formula of the organic material that clementines have less of than oranges is CHO.,"[57801, 57802, 57799, 26525, 42750]",710,19,30.478641999934553,884.6413320000011,915.1199739999356,0.0,0.13333333333333333
5a887f5c554299206df2b2c0,"Besides the founder of Led Zeppelin, and Bert Jansch, what other to British musician was heavily influenced by Davey Graham?",Eric Clapton,Jimmy Page,"[62456, 30230, 62463, 3545, 40803]",529,2,22.20069100008004,215.40103699999236,237.6017280000724,0.0,0.0
5a7def0d5542990b8f503af9,Who graduated from The SC Bastia Reserves and Academy  and was born 9 September 1987?,Alexandre Dimitri Song Billong,Alex Song,"[43418, 43425, 43689, 12418, 43693]",649,2,27.080169999976533,250.90818299997864,277.98835299995517,0.0,0.3333333333333333
5a85f4ec5542994775f606c6,"The technique 'panenka' was first used by a player of what nationality against ""Die Katze von Anzing""? ",Czech,Czech,"[59973, 59978, 12413, 9188, 33423]",647,2,22.93527799997719,249.54064600001402,272.4759239999912,1.0,1.0
5a77a3905542992a6e59df40,The 1997–98 UCLA Bruins men's basketball team lost to what team in the sweet sixteen match?,The 1997–98 Kentucky Wildcats men's basketball team,Kentucky Wildcats,"[61592, 61591, 61593, 61587, 61595]",708,3,21.738185000003796,302.70470799996474,324.44289299996854,0.0,0.4
5a7b9a8a554299042af8f78d,"What Taylor swift song released December 7, 2008 was written by the same writer as ""You Belong to Me""?",White Horse,"""Back to December""","[12478, 61820, 10488, 11463, 25308]",815,5,22.162997000009454,422.6443669999753,444.8073639999848,0.0,0.0
5ac38ce255429939154137c2,What do a Flaming beverage and a Gin and tonic have in common?,cocktails,"Both flaming beverages and gin and tonics involve the use of alcohol, typically high-proof spirits like gin, vodka, or tequila, along with tonic water.","[2368, 54572, 2366, 54569, 54566]",372,32,21.74823699999706,1201.3356980000935,1223.0839350000906,0.0,0.0
5ac3e0ab554299204fd21eae,What drummer stared along side a former president of the screen actors guild in a 2005 film?,Brad Wilk,"Tim ""Ripper"" Owens","[36830, 32347, 29023, 44954, 20908]",658,7,21.34923500000241,427.01324300003307,448.3624780000355,0.0,0.0
5a81adfc55429903bc27b9a4,"Who had a longer film career, Harry Sweet or John Biddle?",John Scott Biddle,Harry Sweet had a longer film career than John Biddle.,"[54780, 54785, 54786, 54788, 54781]",405,12,22.14956800003165,518.1421319999799,540.2917000000116,0.0,0.3333333333333333
5a7af23a55429931da12c994,Candace Flynn was voiced by the actress who achieved mainstream success on what show?,The Suite Life of Zack & Cody,"Ashley Tisdale achieved mainstream success on the Disney Channel series ""The Suite Life of Zack & Cody.""","[20499, 58213, 58217, 33135, 26360]",836,22,22.412835999944036,1032.1446369999876,1054.5574729999316,0.0,0.5263157894736842
5a7796e05542992a6e59df0f,What country is the theme park served by the Huis Ten Bosch train service themed on?,Netherlands,Japan,"[59915, 59922, 59916, 59918, 59919]",407,1,23.440692000008312,134.0222140000833,157.4629060000916,0.0,0.0
5a7f341655429930675136a0,Alison Castle is the editor of what publication with a connection to the Beatles?,"""Linda McCartney's Life in Photography""","""Linda McCartney's Life in Photography""","[56541, 13354, 56544, 8588, 46760]",620,8,26.934018000019933,468.23039499997776,495.1644129999977,1.0,1.0
5a7dd8cb5542995f4f4022d0,"From what county is Steven Avery, wrongfully convicted man on which the documentary Making a Murderer is based? ","Manitowoc County, Wisconsin","Manitowoc County, Wisconsin.","[56958, 56961, 56965, 61136, 18830]",717,8,22.97026199994434,496.4671760000101,519.4374379999545,1.0,1.0
5ae3bb0d5542992f92d82357,Which Russian figure skating coach was a former competitive ice dancer who competed with Olga Pershankova in 1993?,Nikolai Morozov,Alexander Zhulin,"[60741, 8855, 60738, 8851, 10126]",734,3,22.310311999945043,330.5085130000407,352.81882499998574,0.0,0.0
5ac5382c5542996feb3fea43,"What year was the company, who released Forever Kingdom for PlayStation 2, founded?",1986,1984,"[59227, 27009, 17231, 11434, 14405]",847,4,22.524343999975827,388.2511169999816,410.77546099995743,0.0,0.0
5a7587705542992db9473674,Which tropical storm has been present in the Central Pacific Ocean but not in the western north Pacific Ocean?,Ana,Tropical Storm Norma,"[59676, 59683, 59677, 13731, 59675]",1041,5,21.744134999948983,502.9964889999974,524.7406239999464,0.0,0.0
5a8739a05542994775f607ab,What is the birthplace of the Senator who represents the first of 62 districts in the State Senate?,"Brooklyn, New York","Kenneth LaValle was born in October 26, 1919.","[60619, 14012, 9058, 22721, 41367]",618,19,22.286168000050566,832.1696430000429,854.4558110000935,0.0,0.0
5ae27f555542992decbdcd30,Caste starred what English character actress who was nominated for an Academ Award for her performance in Room at the Top?,Hermione Baddeley,Hermione Baddeley,"[62003, 39761, 48750, 62004, 25692]",792,6,22.318058999985624,448.10754100001304,470.42559999999867,1.0,1.0
5a8a575a554299515336136e,"Rynella is an unincorporated community named after the daughters of a conservationist who presided of the maker of a brand of hot sauce made from vinegar, salt and what kind of peppers? ",tabasco peppers,Tabasco peppers.,"[56615, 56610, 56616, 35793, 56609]",686,4,22.730903000024227,337.11491999997634,359.84582300000056,1.0,1.0
5a7f451a55429969796c19ec,What is the second book by the author that won the Booker Prize in 1997?,The Ministry of Utmost Happiness,The God of Small Things,"[59564, 1764, 27150, 59563, 59562]",673,5,30.433168999934423,360.6050949999826,391.03826399991704,0.0,0.25
5a72830e5542994cef4bc2f9,"Where is the company that distributed XXXTentacion's single ""Revenge"" based?","San Francisco, California","San Francisco, California","[56914, 56915, 56911, 56912, 56909]",614,4,24.957749000009244,307.56961199995203,332.5273609999613,1.0,1.0
5a8f08c2554299458435d530,"Sian Gibson co-wrote which British sitcom, set around a supermarket and car share scheme?",Peter Kay's Car Share,Peter Kay's Car Share,"[57905, 57900, 30099, 7663, 57903]",496,5,22.07697599999392,315.78696600001877,337.8639420000127,1.0,1.0
5ade28b15542997c77aded83,Is the Virgilia found in Africa? And is Koeleria found all over?,yes,"Yes, Virgilia is found in Africa. Yes, Koeleria is found all over.","[55685, 55686, 537, 1414, 54833]",596,20,22.24341999999524,863.0958640000017,885.339283999997,0.0,0.15384615384615385
5ae7f6be554299540e5a56db,Jim Betts ran against the first American to orbit what?,Earth,Mercury,"[49414, 61109, 30774, 53109, 53414]",828,2,21.691927000006217,312.66828600007557,334.3602130000818,0.0,0.0
5ae3249555429928c423962f,"The Order of th elithuanian Grand Duke Gediminas features one of the earliest symbols of Lithuania, that was used by the Lithuanian Republic as a minor state symbol during what period?",between World War I and World War II,World War I and World War II.,"[59812, 59815, 13295, 59816, 40668]",974,8,22.361392999982854,589.2255449999766,611.5869379999594,0.0,0.9333333333333333
5adeab4555429975fa854f5f,The Robey-Peters Gun-Carrier was built at a commuter village with at population of what at the 2001 census?,"4,530","Waddington, Lincolnshire, UK, had a population of 6,086 at the 2001 census.","[61982, 61984, 51390, 22092, 14439]",561,28,21.660876000055396,1159.3479040000148,1181.0087800000701,0.0,0.0
5a89bb0b5542992e4fca83a0,Who created the series broadcast on the WB that Leigh-Allyn Baker had a recurring role on?,Constance M. Burge,Constance M. Burge,"[59044, 59043, 42332, 33459, 43071]",931,6,22.06144599995241,484.7145989999717,506.7760449999241,1.0,1.0
5a8727dd5542991e771816f8,Wojtek Wolski played for what team based in the Miami metropolitan area?,Florida Panthers,HC Kunlun Red Star,"[56127, 43453, 61959, 35338, 61958]",616,6,22.416249999992033,373.8911080000662,396.30735800005823,0.0,0.0
5a7c53a855429935c91b515d,What drum machine was introduced in 1989 and allowed 32 notes to be played simultaneously?,The R-8 Human Rhythm Composer,Roland R-8,"[54255, 54257, 54251, 58520, 58522]",761,5,21.623727000019244,399.63186199997836,421.2555889999976,0.0,0.5
5ac298f9554299657fa28fc9,"Josey Scott and Ian Watkins were both promising musicians. Which of these talented men was incarcerated, impacting his career with a rock band?",Lostprophets disbanded in 2013 after Watkins was charged with sexual offences in late 2012.,Ian Watkins,"[55660, 55667, 38527, 3545, 55666]",606,2,23.940088000017568,236.33211300000312,260.2722010000207,0.0,0.125
5ae4758b5542995dadf24342,"Who has a wider scope of profession,  José Echegaray or Graham Swift?",José Echegaray,"Graham Swift has a wider scope of profession compared to José Echegaray. While José Echegaray was a Spanish civil engineer, mathematician, statesman, and one of the leading Spanish dramatists of the last quarter of the 19th century, Graham Swift is primarily known as","[55657, 1342, 60011, 30558, 59884]",633,64,21.503547999941475,2638.280688000009,2659.7842359999504,0.0,0.1
5a824e0b554299676cceb254,Where is the origin of Tie Domi who was a player for the Maple Leafs?,Albanian origin,"Winnipeg, Manitoba","[11153, 60523, 38897, 38894, 11155]",759,5,23.932147999971676,422.432404999995,446.3645529999667,0.0,0.0
5a7353b35542994cef4bc54f,What kind of building did the Romans use that is still the most common architectural style for churches in Europe and America?,basilica,Basilica,"[62330, 8132, 25904, 8136, 32353]",883,3,23.59082700002091,368.3105740000201,391.901401000041,1.0,1.0
5a8be8215542995e66a47518,"What is the name of the company manged by Joseph Reiser based in Biel/Bienne, Switzerland?",Omega SA,Omega SA,"[60682, 62688, 62839, 60680, 60681]",511,2,23.3845839999276,219.84754000004614,243.23212399997374,1.0,1.0
5abbe20d55429931dba145c6,"In addition to serving in the largest seaborne invasion in history, what is another military operation that Edmond Harjo served?",the Battle of Iwo Jima,Battle of Iwo Jima,"[59987, 62510, 59983, 5588, 10783]",887,6,29.18580599998677,494.62842200000523,523.814227999992,1.0,1.0
5ae5db98554299546bf82fa6,"Shane and Friends have interviewed an American YouTube personality who has two active YouTube channels, which have a combined total of how many views?",1.7 billion,1.7 billion views,"[16659, 16654, 16652, 10018, 57338]",768,5,23.109911999995347,410.2297729999691,433.33968499996445,0.0,0.8571428571428571
5a8d40585542994ba4e3dc39,When was the younger brother of Farshid Karimi born ?,8 November 1978,1978,"[58313, 58907, 21261, 8525, 58310]",521,4,28.306300000053852,279.58043299997826,307.8867330000321,0.0,0.5
5abbd2575542993f40c73bbd,Petroglyphs on Ingaro isalnd indicate it has been innhabited since an era that lasted until what year?,500 BC,Before the time of the earliest Etruscan inscriptions (700 BC).,"[46409, 57150, 37001, 9798, 56841]",638,18,27.45207999998911,810.0287869999647,837.4808669999538,0.0,0.2
5a7222b155429971e9dc92c4,"Which film, The Happiest Millionaire or Mars Needs Moms, was created first?",The Happiest Millionaire,The Happiest Millionaire,"[55985, 3790, 19664, 41752, 38108]",727,5,22.25309000004927,389.5309989999305,411.78408899997976,1.0,1.0
5a7f68365542994857a7672e,"Which band was formed at an earlier date, Unwritten Law or Jon Spencer Blues Explosion?",Unwritten Law,Unwritten Law,"[55482, 55490, 55487, 55483, 55481]",528,3,22.278182000036395,252.48809599997912,274.7662780000155,1.0,1.0
5a8fa4a5554299458435d6a3,What is name of the business unit led by Tina Sharkey at a web portal which is originally known as America Online?,Sesame Street,Community programming,"[61684, 61683, 45241, 54096, 60090]",657,2,22.398500000008426,251.84534599998187,274.2438459999903,0.0,0.0
5ac3b0885542995ef918c1f8,An Cat Dubh / Into the Heart is a song from the U2 album released on what date?,20 October 1980,"October 20, 1980.","[59546, 59545, 59550, 59544, 59548]",491,11,22.189302000015232,513.2836320000251,535.4729340000404,0.0,1.0
5abec12b5542997ec76fd358,"Which person is known for playing in punk bands, Keith Morris or Rome Ramirez?",Keith Morris,Keith Morris,"[1319, 55632, 38603, 49895, 61267]",665,2,21.596684999963145,257.91906499989636,279.5157499998595,1.0,1.0
5adf72335542992d7e9f935f,Mehdi Hashemi was thought to be guilty of opposition to the Iranian regime's dealings during what President's administration?,Reagan,Reagan,"[62584, 62582, 62578, 62580, 62583]",637,2,21.946920000004866,245.71481300006326,267.6617330000681,1.0,1.0
5a8da97c554299068b959d84,"Which university offers more campuses in the Philippines, Fairleigh Dickinson University or the Western Institute of Technology?",Western Institute of Technology,Western Institute of Technology (Philippines),"[56063, 6571, 56067, 56062, 56061]",426,8,22.198119999984556,381.57853200004865,403.7766520000332,0.0,0.888888888888889
5a7a5ccf55429941d65f25d7,Who is older Charles R. Black Jr. or Paul Manafort?,Charles R. Black Jr.,Paul Manafort is older than Charles R. Black Jr.,"[59553, 59561, 59556, 19590, 33805]",733,11,21.507191999944553,607.5864089999641,629.0936009999086,0.0,0.6153846153846153
5ab8179f5542990e739ec817,Who wrote Tom Vaughan's popular 2008 film?,Dana Fox,"Dana Fox wrote Tom Vaughan's popular 2008 film ""What Happens in Vegas.""","[56760, 34741, 56764, 7274, 54194]",535,21,22.81639600005292,886.9441139999026,909.7605099999555,0.0,0.2666666666666667
5ae3f2d25542995ad6573ccc,Firstar Center was the name for two buildings before the company changed its name to match which company based in Minneapolis?,U.S. Bancorp,U.S. Bancorp,"[56873, 56878, 21354, 56872, 39279]",603,5,21.678974999986167,343.57181899997613,365.2507939999623,1.0,1.0
5a8f5273554299458435d5b1,Bill Bryson grew up in a city that is the seat of which county ?,Polk County,McPherson County,"[57774, 52125, 17526, 5834, 40880]",765,4,22.32844800005296,367.4148929999319,389.74334099998487,0.0,0.5
5a84cd4b5542991dd0999dfe,Are both Kyosuke Himuro and Boy George musicians from the 1980s?,yes,"Yes, both Kyosuke Himuro and Boy George were musicians active in the 1980s.","[55476, 55480, 55473, 55474, 37090]",536,23,27.290600999890557,965.5870939999431,992.8776949998337,0.0,0.15384615384615385
5a88a23f5542997e5c09a652,"Which director, Chris O'Dea or Lucky McKee,  is a Master of Fine Arts graduate of the UCLA School of Theater, Film and Television?",Edward Lucky McKee,Chris O'Dea,"[55965, 55964, 22574, 4415, 55395]",376,4,22.670975999972143,237.94243600002574,260.6134119999979,0.0,0.0
5ae724ec5542995703ce8bd8,Where is the home of the common party princess voiced by Idina Menzel?,Arendelle,"New York City, New York","[56114, 16792, 56108, 56113, 56115]",409,6,21.619105000013406,309.15951200006475,330.77861700007816,0.0,0.0
5ae55dda5542992663a4f1e9,What is the estimated population of the province where Winnipeg Jewish Theatre is located?,1.3 million people,1.3 million,"[58100, 58101, 58099, 34932, 58104]",623,4,21.524397999996836,309.45981600007144,330.9842140000683,0.0,0.8571428571428571
5ac5275755429924173fb617,"Because Marc Shiller was born in Beunos Aires in 1957, but is a resident of the United States, what ethnic group does he belong to?",Argentine Americans,Argentine Americans,"[13842, 24926, 56477, 13843, 56478]",811,3,21.739132999982758,351.858573999948,373.5977069999308,1.0,1.0
5a835c9f5542992ef85e228a,What army did the namesake of the ship launched as the München in 1930 fight in during the American Revolutionary War?,Continental Army,German Army,"[57914, 4283, 13117, 10090, 10783]",999,2,23.097444999962136,382.95181299997694,406.0492579999391,0.0,0.5
5ae4a1875542995ad6573dd2,Nicolau Colaco played as a defender in the men's professional league sponsored by which company?,Hero,Betano,"[62334, 62342, 14562, 20354, 14560]",671,2,22.38434599996708,260.6560049999871,283.04035099995417,0.0,0.0
5ae1fc24554299492dc91bbd,John Paesano wrote which film for DreamWorks Dragons?,Dragons: Riders of Berk,"""DreamWorks Dragons"" is not a film but rather a television series based on the 2010 film ""How to Train Your Dragon"". Therefore, there are no specific films written by John Paesano for this series.","[60899, 60898, 23413, 12573, 12581]",528,47,23.368881000010333,1850.530355999922,1873.8992369999323,0.0,0.05714285714285715
5ab736a65542992aa3b8c7db," ""She's a Mystery to Me"" is a song on an album released in 1989 by what label?",Virgin,Virgin,"[62119, 62115, 37752, 28154, 12481]",648,1,22.999245000050905,217.80440899999576,240.80365400004666,1.0,1.0
5ae0ff95554299422ee995b0,"What son of Larry Johnson was born on November 19, 1979?",Larry Alphonso Johnson Jr.,Larry Alphonso Johnson Jr.,"[61523, 61526, 61525, 50057, 61518]",532,7,22.469120999971892,397.98364099999617,420.45276199996806,1.0,1.0
5a7eec6f55429934daa2fc7c,The Hindmarsh Stadium is sponsored by a brewery that sold how many liters of beer in 2013 ?,69.7 million litres,69.7 million liters.,"[61962, 61961, 10191, 46761, 58454]",465,7,23.14733699995486,390.6561989999773,413.80353599993214,0.0,0.75
5a7f75e95542992e7d278d09,Were both Pam Shriver and Amélie Mauresmo alive in the 1960s?,no,No,"[55526, 3161, 55530, 55525, 55527]",447,1,28.050526000015452,145.1351949999662,173.18572099998164,1.0,1.0
5a7730f255429972597f148c,"Michael Braz completed a libretto for what Georgia college, founded in 1906?",A Scholar Under Siege,Georgia Southern University,"[59799, 59798, 37, 26096, 57915]",638,3,24.917328000015004,280.95733000009204,305.87465800010705,0.0,0.0
5add564a5542990dbb2f7e38,Las Vegas Festival Grounds is north of the hotel that is owned by which company?,MGM Resorts International,Caesars Entertainment Corporation,"[57795, 39450, 28666, 32108, 19156]",377,5,23.741822000033608,293.1575730000304,316.89939500006403,0.0,0.0
5a874ce15542996432c57256,Where was the person born who was recognized by MIAL and is an American soprano?,"Laurel, Mississippi","Laurel, Mississippi.","[61069, 46593, 56672, 27625, 44480]",791,6,22.982324000054177,460.27340700004515,483.25573100009933,1.0,1.0
5a7bf84b5542996dd594b875,What Danish drama thriller which takes place in both Denmark and Africa was produced by Sisse Graum Jørgensen?,In a Better World,In a Better World,"[60948, 14639, 38664, 60942, 62803]",686,4,22.91446799995356,349.3663799999922,372.28084799994576,1.0,1.0
5abd09585542996e802b469b,What year did the musical premiere that was based on the 2007 Irish romantic musical film of the same name?,2011,2007,"[17622, 8628, 60647, 35617, 35820]",872,4,25.314064999975017,398.23977300000024,423.55383799997526,0.0,0.0
5adf4ba65542992d7e9f931c,Which 9th longest-running musical in Broadway history was the 30th Disney animated feature film?,Beauty and the Beast,Beauty and the Beast,"[62179, 8818, 52385, 8890, 50278]",913,4,27.314991000025657,410.4984499999773,437.81344100000297,1.0,1.0
5a7cb993554299452d57b9c2,How much change in elevation is there at the site of the 1999 FIA GT Hockenheim 500km?,very little,None,"[56259, 56254, 56258, 56257, 56256]",434,1,26.289240999972208,140.42871200001628,166.71795299998848,0.0,0.0
5a80d6be55429938b6142206,What university did the winner of the 2014 CFL's Most Outstanding Defensive Player Award attend?,University of Hawaii at Manoa,Hawaii Warriors,"[59827, 59824, 59828, 59822, 12354]",808,3,21.82248700000855,347.7848479999466,369.6073349999551,0.0,0.28571428571428575
5ae12aa6554299422ee99617,The ghetto that George Kadish documented held how many people at its peak?,"29,000","29,000","[62194, 62197, 62201, 61327, 25347]",610,6,21.675198999901113,384.87314500002867,406.5483439999298,1.0,1.0
5a7b47765542992d025e67d8,What sport do The Basham Brothers and Doug Basham have in common?,wrestling,Professional wrestling.,"[60792, 60790, 43477, 8963, 11769]",605,3,23.07933600002343,278.3218259999103,301.4011619999337,0.0,0.6666666666666666
5a7653d25542992db9473765,Nick Hexum of which American rock band helped produce Decomposer by The Matches?,311,Nick Hexum of 311 helped produce Decomposer by The Matches.,"[61269, 61267, 27073, 16877, 6435]",712,16,23.56098600000678,744.4190449999724,767.9800309999791,0.0,0.19999999999999998
5ae3a3835542990afbd1e19c,The driver know for doing backflips off his car lost to which driver in the 2009 NASCAR Nationwide Series?,Kyle Busch,Tony Stewart,"[33447, 62231, 62230, 62232, 62235]",763,2,21.91491100006715,312.2707799999489,334.18569100001605,0.0,0.0
5a7fc8d05542992e7d278d86,"Which Air Force member was behind enemy lines for 11 1/2 days and had the largest,longest and most complex rescue mission?","Lieutenant Colonel Iceal E. ""Gene"" Hambleton","Iceal E. ""Gene"" Hambleton","[59691, 54180, 20058, 53414, 25176]",954,10,23.871768999924825,634.2517499999758,658.1235189999006,0.0,0.8
5a8f44135542992414482a24,In what county are the Wichita Wild based in?,"Sedgwick County, Kansas",Sedgwick County,"[14054, 61862, 41227, 30947, 26688]",750,5,21.654287999922417,398.2357319999892,419.8900199999116,0.0,0.8
5abe7f695542993f32c2a12d,What is the focus of the movie in which Nolan North played the role of Superboy?,focus on young superheroes,"The movie in which Nolan North played the role of Superboy is ""Young Justice.""","[60864, 22045, 44718, 27561, 22046]",1151,17,22.428453000088666,962.464131000047,984.8925840001357,0.0,0.125
5ab8f53355429916710eb0d1,What actor had his final performance in the film based on a dytopian novel by David Eggers called The Circle?,Bill Paxton,Tom Hanks,"[57651, 57659, 14869, 26202, 48905]",710,3,21.228767000025073,307.1242869999651,328.35305399999015,0.0,0.0
5a8077ca5542992bc0c4a729,"Abraham Lokin was born on an archipelago between the Norwegian Sea and North Atlantic, that is about 200 miles north-northwest of where?",Scotland,Scotland.,"[62703, 62696, 46146, 45164, 60774]",830,2,21.75355099996068,322.6855670000077,344.4391179999684,1.0,1.0
5ade9c9c5542997c77adee8c,What screenplay was worked on by both Edward Carfagno and Miklos Rozsa?,Julius Caesar,"""The Four Feathers""","[13754, 54969, 571, 52569, 1633]",766,5,23.033116999954473,395.6517440000198,418.68486099997426,0.0,0.0
5adbf2805542994650320c15,when does the role William Vere Reeve King-Fane change?,The High Sheriff changes every March.,1868,"[56654, 47101, 17092, 31007, 30667]",824,4,22.120326000049317,390.27684699999554,412.39717300004486,0.0,0.0
5ab288a05542993be8fa993b,"Which Royal Air Force is located in a town that had a population of 2,841 on 15 April 2012?",Mount Pleasant,RAF Mount Pleasant,"[62888, 30569, 51390, 61381, 40112]",703,4,21.945817999949213,336.1710609999591,358.1168789999083,0.0,0.8
5abb23655542992ccd8e7f25,What was the formative year for the company eventually replaced by Suez Canal Authority?,1858,1859,"[58122, 58126, 58128, 51780, 58121]",694,4,22.232117000044127,332.5625449999734,354.7946620000175,0.0,0.0
5ab2c7ef554299545a2cfa73,When did the predecessor of The Eyes of Nye first air?,"September 10, 1993",2005,"[58590, 23275, 31096, 2898, 46127]",715,4,21.85110400000667,339.80397100003756,361.65507500004423,0.0,0.0
5adbe1b355429944faac23a0,"Who wrote shorter stories, Raymond Carver or Lydia Davis?",Lydia Davis,Raymond Carver wrote shorter stories.,"[3487, 4777, 55391, 55388, 55390]",526,8,22.472857000025215,420.05230000006577,442.525157000091,0.0,0.0
5a8485fa5542992a431d1a41,"Who was the brother of the architect of Hook and Ladder No. 4 located in Albany, NY?",Cuyler Reynolds,Marcus T. Reynolds,"[60268, 41161, 60275, 9250, 26936]",725,4,22.00250800001413,358.47544000000653,380.47794800002066,0.0,0.4
5ade1f1c55429939a52fe82d,"Len Wiseman directed ""Live Free or Die Hard"" which is the 4 installment in the Die Hard film franchise base on what character?",John McClane,Bruce Willis,"[37116, 45123, 26107, 37114, 37112]",662,2,21.447110000053726,252.00794199997745,273.4550520000312,0.0,0.0
5a84ad3a5542992a431d1a8b,What notable work from French music video director Yoann Lemoine features an apology and plea for forgiveness?,Back to December,"""Run Boy Run,"" Yoann Lemoine's song featuring an apology and plea for forgiveness, was released as the second single from his debut studio album ""The Golden Age"" in 2012.","[61816, 20737, 55303, 7830, 61814]",673,43,21.310786000071857,1654.7537720000491,1676.064558000121,0.0,0.0
5abf63f15542997ec76fd3ea,Alexander Kerensky was defeated and destroyed by the Bolsheviks in the course of a civil war that ended when ?,October 1922,"In 1923, the Russian Civil War officially ended with the defeat of the White Armies and the consolidation of Bolshevik control over the new Soviet state.","[59541, 59543, 59540, 59539, 59536]",988,33,21.361290999948324,1437.7314639999668,1459.092754999915,0.0,0.0
5a8a495055429930ff3c0d6a,"Chicagoland Sports Hall of Fame was founded by the company located in what Washington town, near the state capital?","Tumwater, Washington",Olympia,"[60100, 40880, 31216, 50577, 51883]",766,3,21.94849600005,330.76629200002117,352.71478800007117,0.0,0.0
5a79f6ca554299029c4b5f90,"What Danish eurodance group had a single called ""Barbie Girl"" which resulted in a lawsuit in 2002?",Aqua,Aqua,"[57538, 41382, 57537, 37439, 19129]",798,2,24.362921999909304,306.3083470000265,330.6712689999358,1.0,1.0
5ae7313c5542991e8301cbbc, No. 3 Elementary Flying Training School RAAF operated at an Airport during World War 2 that is closest to Which city center in Australia?,"Melbourne, Victoria, Australia",Melbourne,"[62774, 62775, 62776, 62782, 62777]",886,2,21.013834000086717,344.2555879998963,365.269421999983,0.0,0.5
5a90a14d5542990a98493672,"The movie ""100 Million BC"" continues the urban myth of an experiment allegedly carried out at waht shipyard?",Philadelphia Naval Shipyard,Philadelphia Naval Shipyard,"[61578, 34025, 14213, 54955, 61584]",409,4,23.88954899993223,237.891870999988,261.7814199999202,1.0,1.0
5abd0803554299700f9d7979,"Caprice No. 5 was composed by what Italian violinist, guitarist, and composer, who was the most celebrated violin virtuoso of his time?",Niccolò (or Nicolò) Paganini,Niccolò Paganini,"[56359, 46334, 28504, 2785, 56360]",470,6,25.914498000020103,351.07081800003925,376.98531600005936,0.0,0.6666666666666666
5a7a3edd5542990783324ed9,"In which suburb of Melbourne, Australia did Harold Edward Holt go missing?","Portsea, Victoria","Cheviot Beach, near Portsea, Victoria.","[20468, 22021, 23277, 23281, 59583]",525,11,26.352471999985028,530.1012379999293,556.4537099999143,0.0,0.5714285714285715
5a7bf0d75542996dd594b85c,"What American actor born in 1946 was in a 1996 martial arts film written, produced, and directed by Donald G. Jackson and is also the uncle of Charlie Sheen?","Joseph ""Joe"" Estevez",Joe Estevez,"[18600, 60136, 60135, 48784, 44387]",613,3,21.88220799996543,282.3391519999632,304.2213599999286,0.0,0.8
5a8c9641554299585d9e36f5,"Which season of Alias does the English actor, who was born 25 June 1961, appear?",three,Season 3,"[57079, 57085, 52529, 39648, 41024]",568,3,23.296056000049248,258.47798299992064,281.7740389999699,0.0,0.0
5a8268aa55429940e5e1a8aa,Hugo Rodríguez Romero is a Spanish footballer who plays for a team in the autonomous community of what?,Murcia,Andalusia,"[59895, 59337, 59887, 40237, 32581]",495,3,22.244956999998067,245.73930799999744,267.9842649999955,0.0,0.0
5ae4cb2f55429960a22e01e8,Which American popular music and country music singer recorded J. D. Souther song ,Linda Maria Ronstadt,Linda Ronstadt and the Eagles.,"[57865, 24980, 25368, 52082, 3936]",599,8,23.373623999987103,446.70657999995456,470.08020399994166,0.0,0.5714285714285715
5ab3e07e55429969a97a81e5,"In the 1962 German Grand Prix, a racer came second. What did this racer found?",Surtees Racing Organisation team,Lola,"[62061, 23974, 7226, 52267, 62063]",848,2,24.296327999991263,324.02981100005945,348.3261390000507,0.0,0.0
5a8d75f35542994ba4e3dc8b,"The Lowry Hotel is named after an artist, many of whose drawings and paintings depict what town?","Pendlebury, Lancashire","Pendlebury, Lancashire.","[60424, 60427, 43188, 21400, 16867]",682,8,22.70201500004987,475.25949499993203,497.9615099999819,1.0,1.0
5ab7209a554299110f219aba,Name any class of vertebrates within the class of Mammalia that has atleast 2 types of sensors?,Mammals,Marsupials,"[57428, 53944, 62048, 25408, 58981]",722,4,22.292402000061884,374.7101010000051,397.002503000067,0.0,0.0
5a87ab905542996e4f3088c1,The arena where the Lewiston Maineiacs played their home games can seat how many people?,"3,677 seated","The Lewiston Maineiacs played their home games at the Androscoggin Bank Colisée, which could seat up to 1,400 people.","[56582, 50903, 24666, 40209, 24663]",644,34,23.543830999983584,1371.344633999911,1394.8884649998945,0.0,0.0
5ac007cc5542996f0d89cb0b,Who was attempting to regain the British throne until the Raids on Lachaber and Shiramore shut down his operations?,Charles Edward Stuart,"Charles Edward Stuart, commonly known as ""Bonnie Prince Charlie"" or ""the Young Pretender.""","[60726, 44585, 60057, 12628, 57548]",1068,20,21.555772999931833,1030.5072459999565,1052.0630189998883,0.0,0.4
5ae4accf5542995ad6573e19,"The actress that plays Julia McNamara in the series ""Nip/Tuck"" also appears with Laurence Fishburne in a 1997 horror film directed by who?",Paul W. S. Anderson,Paul W. S. Anderson,"[59712, 59717, 59718, 25140, 44550]",755,6,23.038492999944538,439.0920380000125,462.13053099995705,1.0,1.0
5adcc3ed5542994d58a2f6c4,"What group did Carlene LeFevre and Rich LeFevre form in Brooklyn, New York City?","the ""First Family of Competitive Eating""",The First Family of Competitive Eating.,"[10991, 10982, 4871, 19494, 5351]",617,7,21.65143199999875,415.52010499992775,437.1715369999265,1.0,1.0
5ac39d22554299391541381f,The Patriotic front promotes the interests of what nation particularly with the aim of gaining and mainting self governance.,Bulgaria,Bulgaria,"[56792, 52973, 56793, 56795, 34273]",804,3,21.73196299997926,352.7924400000302,374.52440300000944,1.0,1.0
5ae455d45542996836b02c7b,Nicholas Pinnock stars as Jason Backland in a series direccted by who ?,Hans Rosenfeldt,ITV,"[57567, 19668, 38095, 12733, 46281]",801,2,24.721353000018098,312.8220759999749,337.543428999993,0.0,0.0
5a88ac3d554299206df2b328,What country of origin does Eric Lucassen and Party for Freedom have in common?,Dutch,Netherlands,"[57638, 57634, 38141, 51014, 58255]",554,2,21.532976000003146,222.55685200002517,244.08982800002832,0.0,0.0
5ac32b565542995ef918c154,Where is the stadium at which 1964 Georgia Tech Yellow Jackets football team played their home game located? ,North Avenue at Techwood Drive,"Grant Field in Atlanta, Georgia.","[56292, 52392, 56293, 56289, 7696]",616,7,21.72967100000278,413.5226710000097,435.2523420000125,0.0,0.0
5a878d795542993e715abf9d,What animation company produced the first season of an animated television series co-created by Jorge Aguirre?,Goldie & Bear,Cartoon Network Studios and Frederator Studios.,"[62535, 36096, 51727, 43071, 62538]",873,9,22.469454999964,576.0326950000945,598.5021500000585,0.0,0.0
5add8f055542990dbb2f7e6d,Who conducted the negotiations  with the owners and the longest serving commandant of Auschwitz concentration and extermination camp?,Rudolf Höss,"The question is not fully answered in the given documents. However, based on Document 1, Rudolf Höss was the longest-serving commandant of Auschwitz concentration and extermination camp.","[61331, 61117, 18331, 34422, 25652]",846,37,21.87517899994873,1544.3213080000078,1566.1964869999565,0.0,0.20689655172413793
5a83d7535542993344746093,What other teams played in the same division that Chad Clements played in?,"Los Angeles Xtreme, San Francisco Demons and Memphis Maniax","Las Vegas Outlaws, Denver Broncos, Ottawa Renegades","[58396, 18142, 8958, 18136, 10446]",794,12,21.764673999996376,661.5130950000321,683.2777690000285,0.0,0.0
5ae24b165542996483e64962,Who created the first rule of chemistry?,Friedrich Hermann Hund,"Friedrich Hund created the first rule of chemistry, known as Hund's Rule.","[18981, 18977, 31522, 31523, 30625]",679,17,21.958229999995638,775.6838709999556,797.6421009999513,0.0,0.26666666666666666
5adfee9c55429906c02daa8a,The music magazine launched by Rob Stone and Jon Cohen that interviewed CupcakKe about her album Audacious in September was the first print publication to be released where?,on iTunes.,iTunes,"[58666, 58665, 4284, 47690, 58137]",801,2,24.894417000041358,333.2156369999666,358.11005400000795,0.0,0.6666666666666666
5ae397df5542994393b9e71f,"What major landform lended its name to both the Blue Ridge Music Center, and American's longest linear park?",469 mi,Blue Ridge,"[59810, 13422, 53992, 47325, 13423]",883,2,23.21280299997852,331.11002300006476,354.3228260000433,0.0,0.0
5ae056c755429945ae959319,James Garner had a role in the 2004 romantic drama directed by whom?,Nick Cassavetes,Nick Cassavetes,"[4026, 62833, 29411, 34073, 62830]",824,4,22.02745700003561,386.50599500010685,408.53345200014246,1.0,1.0
5a8324815542990548d0b184,Dead but Rising was a song by the Danish band fomed in what city in 2001?,Copenhagen,Kashmir,"[62303, 62307, 17603, 33340, 7639]",575,3,22.164213999985805,260.5778449999434,282.7420589999292,0.0,0.0
5ab865ad5542992aa3b8c8dd,"Jennifer Gordon received a bachelor of arts degree from which women's liberal arts college in Cambridge, Massachusetts, and functioned as a female coordinate institution for the all-male Harvard College?",Radcliffe College,Radcliffe College,"[62110, 52241, 62109, 1790, 2204]",809,3,21.87625700003082,348.1752239999878,370.0514810000186,1.0,1.0
5ae15ae25542990adbacf767,How many records did Shane Lynch sell as a member of Boyzone?,25 million,12,"[59644, 59642, 59646, 40387, 59647]",736,2,22.31664800001454,287.29254400002446,309.609192000039,0.0,0.0
5ab209ec554299722f9b4ca2,What video game character did the voice actress in the animated film Alpha and Omega voice?,"Kairi in the video game series ""Kingdom Hearts"".",Saber,"[61702, 52008, 61693, 42506, 61700]",796,2,21.399287999997796,313.21728699992946,334.61657499992725,0.0,0.0
5abbd66a5542993f40c73bd8," Before I Go to Sleep stars an Australian actress, producer and occasional what?",singer,Singer.,"[61247, 61243, 44745, 14296, 61244]",547,3,22.927600000002712,255.41845500004,278.3460550000427,1.0,1.0
5ac44629554299194317395d,Michael J. Hunter replaced the lawyer who became the administrator of which agency?,EPA,Environmental Protection Agency,"[59861, 6601, 37243, 57625, 59868]",816,3,26.04523699994843,347.19075399993926,373.2359909998877,0.0,0.0
5ab6ba045542995eadef007e,"Dorian Gray is the main character of what philosophical novel whose editor feared the story was indecent, and deleted roughly five hundred words before publication?",The Picture of Dorian Gray,"""The Picture of Dorian Gray""","[61615, 61619, 61621, 61612, 61616]",473,7,21.963411999990967,391.4394490000177,413.40286100000867,1.0,1.0
5a728b1c5542992359bc30e0,"Which member of the boy group Shinee released their first studio album ""She is""?",Jonghyun,Jonghyun,"[42472, 59099, 59093, 59094, 59091]",598,4,26.805360999901495,321.7489580000574,348.5543189999589,1.0,1.0
5ae74fc45542997b22f6a6b4,What is the full name of the viral respiratory disease in which Yi Guan's research helped to prevent the outbreak of?,severe acute respiratory syndrome,SARS,"[62569, 62390, 62571, 46198, 62568]",894,2,23.23770999998942,336.961634999966,360.19934499995543,0.0,0.0
5a79cabc5542994f819ef0a1,Who was the final champion of the Thailand Masters that was from Hong Kong?,Marco Fu,Steve Davis,"[59273, 21676, 36769, 36695, 26509]",807,2,22.817673000076866,312.0247470000095,334.84242000008635,0.0,0.0
5a8ec6fd55429917b4a5bdc1, Minus the Machine is the sixth studio album by a band formed in which city ?,"Knoxville, Tennessee",Birmingham,"[61173, 61180, 61866, 14979, 17941]",716,2,21.82471200001146,268.9089860000422,290.73369800005366,0.0,0.0
5a7f3f7c55429934daa2fd45,"Which band has more members, The Futureheads or Marcy Playground?",The Futureheads,Marcy Playground,"[55180, 5730, 55176, 55175, 55174]",482,3,21.453566999980467,249.59467499991206,271.0482419998925,0.0,0.0
5a807e6f5542995d8a8ddf80,"Who were the guns stolen from the HMS ship ""Marlin"" originally produced for?",British Army,"French privateer ""Tyger"".","[56442, 56446, 38959, 62890, 50609]",592,7,26.07127099997797,425.4374629999802,451.50873399995817,0.0,0.0
5a72bb045542994cef4bc3e4,The Nun is based on what film series based on the real life cases of Ed and Lorraine Warren?,The Conjuring,The Conjuring,"[60333, 60337, 60340, 60332, 41965]",603,3,22.919506000107503,268.69529700002204,291.61480300012954,1.0,1.0
5adbe0df554299438c868cc0,"Which writer was ordained to priesthood, W. Somerset Maugham or Thomas Merton?",Thomas Merton,Thomas Merton,"[55753, 55754, 55748, 29052, 55746]",518,3,21.585852999919553,249.20795299999554,270.7938059999151,1.0,1.0
5ae368715542991a06ce99bd,Which major Australian city is close to the Pelican Point Power Station on the Lefevre Peninsula?,Adelaide,Adelaide,"[58821, 58826, 58823, 62424, 8467]",594,2,22.848752000072636,231.91803299994262,254.76678500001526,1.0,1.0
5ac13a3d5542996f0d89cc75,"Which Company published a magazine that was a hybrid video game/film, Red Herring or GameFan?",GameFan,GameFan,"[54778, 54777, 54776, 4716, 40782]",669,2,27.090373999953954,257.82410400006484,284.9144780000188,1.0,1.0
5a775e095542994aec3b72b4,"The poem ""soleil et chair"" was influenced by this Roman poet and philosopher who has only one known work about the tenets and philosophy of Epicureanism?",Lucretius,Lucretius,"[58962, 58959, 58964, 58963, 58960]",946,3,23.302890999957526,384.0615169999637,407.36440799992124,1.0,1.0
5a89fa2655429970aeb701d2,Are Stanley Elkin and Anne Tyler from the same country?,yes,"No, Stanley Elkin and Anne Tyler are not from the same country.","[55850, 55844, 58086, 61126, 948]",674,15,21.388878999914596,699.6081799999274,720.997058999842,0.0,0.0
5adff1a255429925eb1afb5e,The Kilby International Awards were named after the inventor who discovered what electronics phenomenon?,integrated circuit,The invention of the photoelectric effect.,"[59944, 59949, 54090, 30627, 43778]",705,8,21.79734499998176,464.86845300000823,486.66579799999,0.0,0.0
5adcfdc555429947343537f4,What federal agency was founded in 1935 and maintains a list of wanted persons?,the Federal Bureau of Investigation (FBI),Federal Bureau of Investigation (FBI).,"[61987, 61986, 61989, 47395, 45508]",598,8,21.852321999972446,439.8699209999677,461.72224299994014,1.0,1.0
5a732ab25542991f29ee2d25,"In what school district is Governor John R. Rogers High School, named after John Rankin Rogers, located?",Puyallup School District of Washington,"Puyallup School District of Washington, United States.","[61718, 61720, 61717, 61722, 61719]",385,12,21.452253999996174,532.220733000031,553.6729870000272,0.0,0.8333333333333333
5adcd5005542994d58a2f6f0,Who voices the character that stars in Baseball Bugs?,Mel Blanc,Mel Blanc,"[61623, 25583, 35319, 33419, 36963]",581,2,21.838341000034234,222.75525700001708,244.59359800005132,1.0,1.0
5a7f79155542995d8a8dde86,A man known as one of the most brutal pro-Confederate guerrilla leaders in the American Civil War had a following that included a bank and train robber from western Missouri raised in what area?,Little Dixie,"""Little Dixie"" area of western Missouri.","[62446, 62453, 62454, 62448, 62447]",478,10,26.906129000053625,492.82438000000184,519.7305090000555,0.0,0.5
5ae28b76554299495565daa8,What three categories does income get levied under the Parliament of Australia's tax code?,"""personal earnings"" (such as salary and wages), ""business income"" and ""capital gains""","Personal earnings, business income, capital gains.","[60628, 60634, 60635, 60630, 60631]",869,9,22.562645999983033,560.2049200000465,582.7675660000295,0.0,0.6666666666666666
5ade64c7554299728e26c710,Is Northeast Florida Regional Airport farther from St. Augustine than Glacier Park International Airport is to Kalispell?,no,No,"[55264, 55261, 6365, 3835, 55998]",518,1,22.775128000034783,177.55285399994136,200.32798199997615,1.0,1.0
5ab7f2d05542993667794064,"The Van cat's eyes have what feline form of complete heterochromia, a condition that occurs in some other animals?",odd-eyed,Odd-eyed,"[59164, 59156, 41820, 59161, 59165]",719,2,22.545839000031265,282.80082100002346,305.3466600000547,1.0,1.0
5ab978855542996be2020512,"Over how many centuries were the ""dwelling place of the dead"" built?",three centuries,300 years,"[56421, 56424, 47665, 8136, 40523]",1033,4,22.169523999991725,482.3132800000849,504.4828040000766,0.0,0.0
5abe87cb5542993f32c2a156,Millennium Greens were funded in part by a what type of lottery?,state-franchised,National Lottery,"[60705, 60706, 60707, 7662, 27512]",376,2,22.261319999984153,160.98712500001966,183.2484450000038,0.0,0.0
5abad70d5542996606241631,"How high on the US ""Billboard"" Hot 100 chart did Dan Smith's song reach in 2013?",number 5,Number 13,"[59241, 10372, 59242, 10484, 14518]",771,4,21.981993999929728,368.56548899993413,390.54748299986386,0.0,0.5
5ab3a84b554299233954ff7b,What year did a Russian soprano opera singer born in October 1926 leave Russia with her cellist husband and daughter?,1974,1974,"[60259, 60264, 16336, 50016, 60263]",524,4,23.36074799995913,283.46706699994684,306.82781499990597,1.0,1.0
5adf5cd25542992d7e9f9320,What city in the Philippines is home to the Robinsons Galleria and the 4th largest shopping mall in the world?,Metro Manila,Quezon City,"[58284, 58286, 58289, 58285, 58291]",680,3,22.77089300002899,294.7437960000343,317.5146890000633,0.0,0.0
5ae484f855429970de88d999,Which college football team for the University of Oregon did Enoka Lucas played for ,The Oregon Ducks,Oregon Ducks,"[59067, 36647, 59856, 59850, 12349]",700,2,22.594081000079314,261.0823039999559,283.6763850000352,1.0,1.0
5a87e3d65542993e715abff8,Alfie Allen played Theon Greyjoy on which show?,Game of Thrones,"HBO series ""Game of Thrones"" since 2011.","[61970, 27674, 61972, 61971, 27665]",422,15,22.13230699999258,621.9655690000536,644.0978760000462,0.0,0.6
5abea85f5542990832d3a070,Timothy J. Sloan was the CEO of Wells Fargo who succeeded the CEO who took the job in what month?,June 2007,June 2007,"[56146, 56149, 56144, 57174, 56148]",641,6,21.513851999998224,386.8251239999836,408.3389759999818,1.0,1.0
5ae733dc5542991e8301cbd1,"This English indie pop band formed in 2005 consisting of Oliver Sims, and also inspired My Wicked Heart is from what city?","Wandsworth, London",London,"[57705, 57700, 5792, 33340, 51328]",573,1,22.001288999945245,191.9071920000306,213.90848099997584,0.0,0.6666666666666666
5ac538025542996feb3fea41,Where's Officer Tuba? is a comedy film that stars which Hong Kong-based actress?,Joey Wong Cho-Yee,Sammo Hung,"[61168, 61167, 61163, 26502, 37955]",463,3,21.41425000002073,235.39139699994394,256.80564699996467,0.0,0.0
5a7220f055429971e9dc92ac,What was the Volvo S70 essentially modeled after and was the first all wheel drive Volvo?,Volvo 850,"The Volvo S70 was essentially a facelifted 850 saloon. Yes, the Volvo S70 was the first all-wheel drive Volvo.","[57750, 57744, 57748, 57749, 40006]",593,34,23.727202000031866,1352.5670190000483,1376.2942210000801,0.0,0.2222222222222222
5ae3c71f5542991a06ce9a22,"Predelta National Park is located in which area of Argentina comprising of the provinces Misiones, Entre Ríos and Corrientes?",Mesopotamia,"Mesopotamia, Argentina","[60910, 62602, 60906, 60913, 60912]",526,6,22.755174999929295,354.44925399997373,377.20442899990303,0.0,0.6666666666666666
5ac324ad5542995ef918c127,What king was the intended victim of the plot that Thomas Arundell was briefly suspected of being a part of the same year he became the 1st Baron Arundell of Wardour?,James I,James I,"[61634, 61637, 61636, 18485, 61632]",888,2,22.57632399994236,336.64637700007916,359.2227010000215,1.0,1.0
5ac34994554299741d48a242,"What was the first air date that the CGI animated series that preceded ""Mixels""?  ","January 16, 2013","February 12, 2014","[56233, 56617, 43071, 2820, 36096]",888,10,22.463404000063747,610.0402480000184,632.5036520000822,0.0,0.0
5a7fd6fc5542995d8a8ddf31,"Who had more career changes, Charles A. Agemian or Arshile Gorky?",Charles A. Agemian,"Arshile Gorky had more career changes. He retired from Chase Manhattan Bank to become chairman and CEO of the Hackensack Trust Co., which later became Garden State National Bank.","[54538, 54539, 54534, 33674, 62023]",694,38,22.02952299990102,1498.3318419999705,1520.3613649998715,0.0,0.0
5a7f7ca25542994857a76747," Keith Konrad Slettedahl appeared on which season of ""How I Met Your Mother""?",first,2006,"[60930, 54996, 50744, 60928, 44925]",778,4,22.313329999974485,370.12939200008077,392.44272200005526,0.0,0.0
5ae446825542995ad6573d21,"What character did G.D. Spradlin's collaborator Marlon Brando portray in ""On the Waterfront""?",Terry Malloy,Terry Malloy,"[3156, 59840, 59839, 19789, 59835]",1012,4,21.629986999982975,459.30620900003305,480.936196000016,1.0,1.0
5ae1681b554299422ee9967c,"What production company is owned by the director of ""She Hate Me""?",40 Acres and a Mule Filmworks,Killer Films,"[62311, 27945, 12396, 46127, 46128]",730,3,22.479001000078824,326.33410599999024,348.81310700006907,0.0,0.0
5ae81032554299540e5a572a,Which satellite suburb of Melbourne is partially included in the Electoral district of Bass?,Pakenham,Beaconsfield,"[59585, 23281, 28713, 59581, 46772]",511,3,22.24285499994494,243.75861999999415,266.0014749999391,0.0,0.0
5a9058e655429916514e747e,David Burns is best known working for a radio service that covered what former English county?,former English county of Humberside,Humberside,"[36245, 60669, 60672, 36247, 47233]",578,3,21.383031999903324,261.02876499999184,282.41179699989516,0.0,0.33333333333333337
5ac4920d5542996feb3fe8d3,"When was the designer of the Disneyland attraction with variants in California, France, Hong Kong, Tokyo, and the Tomorrowland Speedway born?","born October 25, 1931","October 25, 1931","[59006, 59004, 16986, 12118, 16987]",826,10,21.53998300002513,618.7436710000611,640.2836540000862,0.0,0.8571428571428571
5a82ffef55429954d2e2ebf2,How many United States House of Representatives does Maine's congressional districts have?,2,2,"[60558, 60560, 60552, 60554, 60561]",409,1,23.07876899999428,140.4726279999977,163.551396999992,1.0,1.0
5ac0cfb45542997d64295a58,What statistical area is the suburban city that houses the Charles Hosmer Morse Museum of American Art?,Orlando–Kissimmee–Sanford,Milwaukee-Racine-Waukesha Combined Statistical Area,"[60200, 60199, 20050, 50195, 40880]",648,12,22.496571000033327,614.0140180000344,636.5105890000677,0.0,0.0
5ab28120554299449642c8cc,What kind of film are  The Silent Historian and The Betrayal – Nerakhoon?,documentary film,Document 1 and Document 2 both describe documentaries.,"[55290, 55296, 55295, 268, 23472]",483,11,23.50042000000485,531.5479260000302,555.048346000035,0.0,0.0
5abe18e055429976d4830a74,Is the university that owns WCSU-FM historically black or white?,black,Historically black,"[61252, 17789, 14474, 17192, 53927]",543,3,22.52889299995786,253.36940099998628,275.89829399994414,0.0,0.6666666666666666
5ae2dfd155429928c423951b,"Which of the city at the south of Shelly Beach, New South Wales is a local government area in the Hunter region of New South Wales, Australia?",City of Newcastle,City of Newcastle,"[60577, 60576, 60574, 31037, 12377]",467,3,22.05137900000409,238.44902399991952,260.5004029999236,1.0,1.0
5abed2b45542990832d3a0d0,Shannon Purser played the role of June Acosta in a 2017 horror film directed by who?,John R. Leonetti,Andy Muschietti,"[33924, 21671, 59238, 6846, 60337]",501,5,22.048734999998487,314.12408300002426,336.17281800002274,0.0,0.0
5a81937e5542995ce29dcc08,Disturbia is a 2007 movie that stars what American actor who starred in the Disney Channel series Even Stevens?,Shia Saide LaBeouf,Shia LaBeouf,"[57827, 57828, 57829, 57833, 57826]",482,6,29.493122999951993,347.940986000026,377.434108999978,0.0,0.8
5ab2659e554299340b5254b2,"From March 631 to April 631, Farrukhzad Khosrau V was the king of an empire that succeeded which empire?",the Parthian Empire,Parthian Empire,"[58641, 58640, 58647, 40853, 58648]",582,4,21.79093899997042,303.5811700000295,325.3721089999999,1.0,1.0
5a835e215542992ef85e2296,"Between Pine and Butea, which genus has the greatest number of species?","""Pinus""",Pine has the greater number of species compared to Butea.,"[15341, 54873, 415, 2206, 42534]",672,14,26.324000999920827,674.0436380000574,700.3676389999782,0.0,0.0
5ab6ba245542995eadef007f,Are Bamboo Mañalac and Danny Jones both musicians?,yes,"Yes, both Bamboo Mañalac and Danny Jones are musicians.","[54750, 54748, 54752, 54753, 2822]",418,14,21.364289999951325,584.5789009999862,605.9431909999375,0.0,0.18181818181818182
5aba901055429955dce3ee87,"U.S. Representative Mike Conaway is investigating interference in what US elections with the help of American attorney, politician and former prosecutor Trey Gowdy and Tom Rooney?",2016 United States elections,The 2016 United States elections.,"[61025, 61026, 59561, 29307, 50189]",721,10,21.700076999991325,578.2464180000488,599.9464950000402,1.0,1.0
5a90997b5542995651fb51af,The song Justice was used for a WWE event that took place on what day ?,"May 1, 2011","October 25, 2010","[61554, 48963, 61562, 11957, 11955]",1042,10,21.891646999961267,680.8282810000037,702.719927999965,0.0,0.0
5ac047a3554299294b218f70,"Which bank has more branches, China CITIC Bank or UniCredit?",UniCredit,China CITIC Bank has more branches than UniCredit.,"[56092, 56088, 56094, 56096, 56093]",553,11,22.867971000096077,533.1821509998917,556.0501219999878,0.0,0.2222222222222222
5ae03cd855429924de1b7072,Were Paul Éluard and Georges Bataille from the same country?,yes,"Yes, both Paul Éluard and Georges Bataille were from France.","[55570, 55564, 55569, 51279, 55565]",547,16,26.26851100001204,723.1000430000449,749.368554000057,0.0,0.18181818181818182
5ac46bb05542991943173983,Are both Schweizerischer Niederlaufhund and Portuguese Podengo dog breeds from Portugal?,no,No,"[21164, 54709, 1926, 54708, 55156]",669,1,23.360109000009288,217.882746999976,241.2428559999853,1.0,1.0
5a8459aa5542996488c2e51e, Kenneth Anderson served under the General who was which President of the United States?,34th,Dwight D. Eisenhower,"[45834, 61904, 61901, 19595, 29628]",760,6,22.3380149999457,437.7374079999754,460.0754229999211,0.0,0.0
5abf1e825542997ec76fd3cb,In which year did Baek Bong-ki appear in the South Korean drama film set in a high school?,2004,2004,"[56341, 37708, 33383, 51239, 35411]",510,4,21.71590600005402,279.7913530000642,301.5072590001182,1.0,1.0
5adc1ae5554299438c868d5c,Hate Them is the ninth album by a band likened to who?,Motörhead,Darkthrone,"[58529, 52993, 66, 26922, 20365]",653,3,20.93744199999037,284.1505569999754,305.08799899996575,0.0,0.0
5ae7cea355429952e35ea9c1,"What is the name of the series who's first season was released on Netflix on September 22, 2016 and stars actor pronounced as John-a-kite?",Netflix,Stranger Things,"[32491, 37044, 41967, 50744, 23440]",806,3,28.00148200003605,376.2506369999983,404.2521190000343,0.0,0.0
5a8d9e0f554299441c6ba015,The actor that played Gutthi on Comedy nights with Kapil Show also starred in what 2016 Punjabi film directed by Smeep Kang?,Vaisakhi List,Lock,"[57582, 57587, 57581, 57586, 57584]",673,1,22.321177999970132,225.9877349999897,248.30891299995983,0.0,0.0
5ae324e85542991a06ce9934,Who directed the film about the living funeral for Morrie Schwartz ?,"Mick Jackson,","Mitch Albom directed the film ""Tuesdays with Morrie"", which documents the famous living funeral for Morrie Schwartz.","[56833, 26192, 5475, 26112, 45862]",694,25,22.207669000067654,1064.4638979999854,1086.671567000053,0.0,0.0
5a84f5865542991dd0999e30,What Irish county are the band that had a concert tour called the In Blue Tour?,County Louth,Ireland,"[57937, 22236, 33409, 61787, 58749]",624,2,21.69841499994618,248.56809800007795,270.26651300002413,0.0,0.0
5a83cce95542996488c2e4d6,Which position did Enid Blyton beat the man who is the U.S. Representative for New York's 3rd district to win?,Nassau County Executive,George Pataki,"[60121, 57755, 38908, 38913, 41367]",746,4,22.61850599995796,373.83906299999126,396.4575689999492,0.0,0.0
5a88db445542993b751ca88a,"Which Italian classical composer, conductor, and teacher born in 1750 composed this four-movement serenade in B-flat major for five instruments (2 oboes, 2 horns and 1 bassoon)?",Antonio Salieri,Antonio Salieri,"[57696, 15564, 16289, 15567, 2785]",605,4,26.398127999982535,321.5404990000934,347.93862700007594,1.0,1.0
5ab7bae95542993667793ff4,Who did the Doncaster Belles play in the 1994 FA Women's Cup Final held at Glanford Park? ,Knowsley United Women,Knowsley United Women,"[59402, 59398, 59403, 59407, 59405]",589,5,22.32723299994177,345.62300300001425,367.950235999956,1.0,1.0
5a73d951554299623ed4ac77,A holdout is an accessory used by cheats in order for them to recieve what?,reward,reward,"[58603, 58605, 58608, 16445, 59418]",710,1,22.634623000044485,229.38912500001152,252.023748000056,1.0,1.0
5a73987c55429978a71e9039,Which production company was involved with both of the movies A Kid in King Arthur's Court and The Great Locomotive Chase?,Walt Disney Productions,Walt Disney Productions,"[55605, 55606, 55607, 22863, 55603]",687,4,22.348690000058014,335.9042250000357,358.2529150000937,1.0,1.0
5a88651b55429938390d3f45,"Which play is set in one act, Bluebeard's Castle or Agrippina?",Bluebeard's Castle,Bluebeard's Castle,"[54985, 54990, 14015, 3825, 10682]",755,5,22.142706999943584,410.76288799990834,432.9055949998519,1.0,1.0
5adf94e05542995534e8c7f7,"What is the name of the range of characteristics pertaining to, and differentiating between, masculinity and femininity which Mary Karooro Okurut was appointed to in 2012 as Minister of?",Gender and Social Issues,Gender,"[40002, 58383, 58385, 50775, 55325]",913,1,23.246315000051254,311.80729799996243,335.0536130000137,0.0,0.4
5a8e2147554299068b959e67,"Murray Seafield St George Head most recognised for which song from the concept album and subsequent musical ""Chess"" by Tim Rice, Benny Andersson and Björn Ulvaeus?",One Night in Bangkok,"Murray Seafield St George Head is most recognised for the song ""One Night in Bangkok"" from the concept album and subsequent musical ""Chess"" by Tim Rice, Benny Andersson and Björn Ulvaeus.","[59880, 59881, 59885, 59389, 51975]",605,44,22.889792000000853,1738.6267229999248,1761.5165149999257,0.0,0.23529411764705882
5a776bc855429966f1a36d3a,What do the Rampur Greyhound and Borzoi have in common?,member of the sighthound family,Both the Rampur Greyhound and the Borzoi are members of the sighthound family.,"[55518, 55521, 3575, 3811, 3067]",575,20,21.47180399992976,908.91922600008,930.3910300000098,0.0,0.4285714285714285
5ab6cce1554299710c8d1f67,From which phrase the name of the place where Hazina Towers is under construction?,Maasai phrase,Nairobi,"[62738, 21906, 46218, 25763, 46219]",788,2,23.88008399998398,317.1960949999857,341.07617899996967,0.0,0.0
5ab6c181554299110f219a5f,"In which album was American rapper Kendrick Lamar's first number-one single on the US ""Billboard"" Hot 100 included?","""1989"" (2014)","""Damn""","[37256, 24854, 58793, 24853, 28809]",827,3,23.532051999950454,361.3391550001097,384.87120700006017,0.0,0.0
5ae518655542993aec5ec139,Ken Pruitt  was a Republican member of an upper house of the legislature with how many members ?,40 members,Florida Senate,"[61546, 61545, 59862, 61544, 61551]",530,2,22.581970999908663,218.18678299996463,240.7687539998733,0.0,0.0
5abdcea955429965af743e5a,"David Wayne Hull (born 1962 or 1963) is a leader of which group that originated in Mississippi in the early 1960s under the leadership of Samuel Bowers, its first Grand Wizard?",White Knights,White Knights of the Ku Klux Klan,"[61838, 61836, 62613, 47965, 61834]",866,8,27.913938999972743,533.9452619999747,561.8592009999475,0.0,0.5
5ae07b0155429945ae95935d,"Which novelist was German, David Guterson or Thomas Mann?",Paul Thomas Mann,Thomas Mann,"[55006, 3011, 55007, 55005, 55003]",552,2,25.978109999982735,220.13108399994508,246.1091939999278,0.0,0.8
5a8220db5542995ce29dccc1,Which was secretary to President Richard Nixon: Rose Mary Woods or H. R. Haldeman?,Rose Mary Woods,Rose Mary Woods,"[10426, 10425, 10430, 60086, 17734]",625,3,21.73448799999278,281.4057309999498,303.1402189999426,1.0,1.0
5a9052765542995651fb513d,"Which author is an economist, Czesław Miłosz or Bhabananda Deka?",Prof Bhabananda Deka,Bhabananda Deka,"[54623, 54614, 54616, 51894, 56725]",1212,6,21.880514000031326,603.0951159999631,624.9756299999945,0.0,0.8
5add2dae5542992c1e3a2558,Which building was completed first the W. R. Grace Building or 10 Hudson Yards?,W. R. Grace Building,W. R. Grace Building,"[55733, 16063, 55735, 3743, 3740]",541,6,22.71288499991897,378.8441319999265,401.5570169998455,1.0,1.0
5a8db19d5542994ba4e3dd00,Are Local H and For Against both from the United States?,yes,Yes,"[54820, 54818, 9694, 30321, 54823]",599,1,25.054038000007495,199.4782279999754,224.53226599998288,1.0,1.0
5ae7e8b855429952e35ea9dd,"What single was released by a American country singer, songwriter and multi-instrumentalist on MCA Nashville in 2000?",Feels Like Love,"""I Know How the River Feels""","[58559, 4865, 37868, 26965, 9355]",773,8,22.213423000039256,510.2593249999927,532.472748000032,0.0,0.25
5ab870ee5542990e739ec8f6,A Wind in the Door is part of a series written by who?,Madeleine L'Engle,Madeleine L'Engle,"[57589, 11910, 11535, 16277, 21435]",700,6,22.833012000091912,403.81962200001453,426.65263400010645,1.0,1.0
5a843cf35542996488c2e51b,What industry did both William Todd Field and Zoltan Korda work in?,film,Film industry.,"[1640, 54674, 895, 39222, 2800]",715,3,22.093574000109584,301.34991199997785,323.44348600008743,0.0,0.6666666666666666
5abc9fb055429959677d6ac9,What is the nationality of the dancer who partnered Tom Chambers in the sixth season of Strictly Come Dancing ?,Danish,English,"[60881, 52254, 18252, 52255, 18250]",604,1,21.800466000058805,205.21745999997165,227.01792600003046,0.0,0.0
5ab48af35542996a3a969f92,Which small nocturnal fox found in the Sahara of North Africa does the French animated series Fennec have a character?,Fennec fox,The fennec fox.,"[56223, 56221, 56224, 54057, 54165]",807,6,22.66197399990233,457.7377659999229,480.3997399998252,1.0,1.0
5a79b495554299148911fa3b,"Which serial killer was known to start killing first, Wayne Boden or Ted Bundy?",Wayne Clifford Boden,Ted Bundy started killing first.,"[61136, 61140, 61141, 61138, 49819]",568,6,22.15968099994825,368.07105399998363,390.2307349999319,0.0,0.0
5a7b2c9155429927d897bf51,"Who was born first, Little Feat's Lowell George, or Ian Hunter from Mott the Hoople?",Ian Hunter,"Lowell George was born first, in 1945. Ian Hunter was born in 1939.","[54914, 54908, 54909, 54906, 54913]",661,25,23.10833299998194,1057.5087070000109,1080.6170399999928,0.0,0.2666666666666667
5aba749855429955dce3ee34,Minneapolis hip hop collective member that released album in 2006?,P.O.S,P.O.S,"[61883, 61890, 61885, 32020, 37256]",743,3,22.222602000056213,329.64899699993566,351.8715989999919,1.0,1.0
5a7c8e7955429935c91b521a,Back Home is a children's historical novel adapted into a TV drama starring what English actress born in 1946?,Hayley Catherine Rose Vivien Mills,Hayley Mills,"[57245, 25692, 57244, 26950, 25158]",782,3,22.059606999960124,345.0504009999804,367.11000799994054,0.0,0.5714285714285715
5a75da6d5542992db94736fa,"The Declaration of Montreal was the founding document of which world event, lasting from July 26-August 5, 2006?",The 1st World Outgames,The 1st World Outgames,"[60762, 60755, 42788, 62669, 8314]",805,7,21.379776000003403,490.6641090000221,512.0438850000255,1.0,1.0
5adebc9b554299728e26c79d,Agnes Body was the founding head of a state secondary school located on what road?,Wragby Road,Wragby Road,"[60522, 52648, 60521, 44797, 30936]",452,4,22.124679999933505,248.73438999998143,270.85906999991494,1.0,1.0
5ab9d44255429939ce03dc36,The History of Ranching is a mural that was originally located at an American brewery that in 1999 began trasfering its production to who?,Miller Brewing,Anheuser-Busch InBev,"[60549, 51120, 11751, 31837, 14604]",733,8,23.369095000020934,499.54210999999304,522.911205000014,0.0,0.0
5abfa9745542997ec76fd426,"Young Sheldon, the tv series that follows the character Sheldon Cooper at the age of 9, is a spin-off from what prequel?","""The Big Bang Theory""","""The Big Bang Theory""","[36999, 56892, 56891, 37044, 53320]",665,5,26.29045000003316,368.64833600009206,394.9387860001252,1.0,1.0
5a89810655429946c8d6e929,How long is the river The Atherton Bridge spans?,37.5,"1, 240 ft","[60366, 61157, 11080, 60360, 41140]",593,7,22.70051200002854,398.71668999990106,421.4172019999296,0.0,0.0
5a776f8555429972597f1534,Which politician represents a city on the Flathead Indian Reservation?,Gregory J. Hertz,Pramila Jayapal,"[56517, 36204, 56520, 51014, 56519]",662,6,26.119146000041837,391.9657850000249,418.0849310000667,0.0,0.0
5ae3de615542992f92d823a5, The Human Condition is a film trilogy that follows a Japanese pacifist and socialist as he tries to survive in a political system that strives to regulate what?,every aspect of public and private life,Every aspect of public and private life wherever feasible.,"[60568, 60569, 29927, 60562, 23005]",725,10,22.047365000048558,572.0933639998975,594.1407289999461,0.0,0.8750000000000001
5ac027005542996f0d89cb3d,"Which actress, who debuted in Friday Night Lights also starred in The River Why?",Amber Laura Heard,Zach Gilford,"[58299, 58300, 20612, 37405, 43955]",621,4,24.30144000004475,311.34204500006035,335.6434850001051,0.0,0.0
5a8d8f77554299068b959d3e,Stephen Smith appears on ESPN First Take alongside which HBO boxing commentator?,Max Kellerman,Max Kellerman,"[58243, 58242, 9431, 16839, 42249]",636,4,21.71287300006952,318.9908580000065,340.703731000076,1.0,1.0
5adce4f65542992c1e3a2474,What program responsible for the Health Insurance Portability and Accountability Act works with AHCCS?,Centers for Medicare and Medicaid Services,Centers for Medicare and Medicaid Services (CMS),"[62900, 62895, 56416, 26317, 59623]",929,10,22.037077000049976,624.8803969999699,646.9174740000199,0.0,0.923076923076923
5ac540365542994611c8b470,"Loughborough Students' Union serves the students at what public research university that has been a university since 1966, but the institution dates back to 1909?",Loughborough University,Loughborough University,"[61338, 37513, 61336, 61340, 61341]",435,4,22.116677999974854,249.09512900001118,271.21180699998604,1.0,1.0
5ae6dba85542996d980e7c9b,On what continent is the business port that was struck by one of its worst typhoons in history on 2 September 1937?,Eurasia,Asia,"[61758, 13726, 55196, 13727, 21122]",969,1,21.178028000008453,354.37720799995986,375.5552359999683,0.0,0.0
5a835c895542993344746009,"What is the first name of the woman who, like Tryphosa Bates-Batcheller, was criticised for being publicly tolerated as a singer due to her wealth, despite a lack of talent?",Narcissa,Florence,"[56678, 56672, 51678, 24236, 50779]",665,2,21.841208999944683,281.3517229999434,303.19293199988806,0.0,0.0
5a7b5af7554299042af8f752,The company that created the Data Universal Numbering System has a database that contains how many business records?,265 million,Over 250 million entries.,"[56098, 56104, 56097, 39725, 19705]",589,8,22.163060000025325,442.53728800003955,464.7003480000649,0.0,0.3333333333333333
5a7f10e2554299306751360b,Are Bangkok Girl and Home both horror movies?,no,"No, Bangkok Girl is not a horror movie; it is a documentary film about sex tourism in Bangkok. Home Sweet Home is a 2005 Hong Kong horror film.","[55769, 28112, 11702, 25943, 35413]",576,36,22.409576999962155,1414.7855209999989,1437.195097999961,0.0,0.07692307692307693
5ab93781554299131ca422c7,Which star in the Maltese Bippy died in 1987?,Dan Rowan,Dick Martin,"[59086, 37950, 5436, 37209, 46890]",627,2,22.121018000007098,248.3527709999862,270.4737889999933,0.0,0.0
5ab4bea15542990594ba9cae,What city did the Freebooters F.C. soccer team lose in that is now known as Croke Park?,Dublin,Dublin,"[60588, 60596, 17608, 16996, 36527]",444,2,22.175341999968623,177.03107300008014,199.20641500004876,1.0,1.0
5ae5c212554299546bf82f4b,The Clavivox was invented by an American composer who was born Harry Warnow in what year?,1908,1912,"[57789, 56548, 11325, 54585, 50132]",614,4,21.427381999956197,309.69649800010757,331.12388000006376,0.0,0.0
5adf227a5542992d7e9f92a6,Josephine de Reszke made her debut in what grand opera?,Hamlet,Hamlet,"[60373, 60375, 60368, 60371, 52712]",537,2,23.089629000082823,218.58686099994884,241.67649000003166,1.0,1.0
5ae0b68e55429906c02daafb,"Who wrote the jukebox musical depicting the recording session between the ""King of Rock and Roll"" and 3 other famous musicians?",Floyd Mutrux and Colin Escott,"Floyd Mutrux and Colin Escott wrote the jukebox musical titled ""Million Dollar Quartet.""","[58428, 58424, 45429, 51363, 35622]",634,23,22.601263000069594,990.1485540000294,1012.749817000099,0.0,0.5882352941176471
5ab9b1fd5542996be202058e,What is the most populous city in the county where Caleb Stegall served as District attorney?,Valley Falls,Chicago,"[61393, 34934, 5834, 40880, 25465]",755,1,22.8041849999272,261.52703399998245,284.33121899990965,0.0,0.0
5a73c958554299623ed4ac5c,What community is the team Isaac Gómez played midfielder for located?,the autonomous community of Madrid,CF Fuenlabrada,"[60955, 16996, 9501, 52884, 59337]",427,6,21.939363999990746,311.9690309999896,333.9083949999804,0.0,0.0
5a7ca33f5542990527d554ee,"Which restaurant chain is based further south, Pizza Fusion or Imo's Pizza?",Pizza Fusion,Pizza Fusion is based further south than Imo's Pizza.,"[55340, 5255, 48415, 38635, 603]",376,12,21.724600000084138,509.7239260001061,531.4485260001902,0.0,0.33333333333333337
5ac3bab155429939154138fb,"The House of Hanover held the British throne until after Victoria's death, when it was past to the dynasty that ruled which duchy?",Ernestine,Duke of Brunswick-Lüneburg (Hanover).,"[59175, 59180, 7807, 42288, 34861]",750,12,21.428293999974812,639.3530660000124,660.7813599999872,0.0,0.0
5a72a51355429901807daf21,Who is the chairman of the company that operates Suncoast Hotel and Casino?,Bill Boyd,Boyd Gaming,"[57681, 22548, 24668, 27015, 19163]",701,3,21.456247000060102,307.1189749999803,328.5752220000404,0.0,0.5
5a7e02e05542995ed0d1667c,Was the Sacramento Deep Water Ship Channel or the Contra Costa Canal completed in an earlier year?,Contra Costa Canal,Contra Costa Canal,"[54517, 1224, 58128, 55254, 55255]",663,4,24.510914999950728,321.0573190000332,345.56823399998393,1.0,1.0
5ab7c6995542993667794005,"Before composing music for the game which contains Chocobos and Moogles, what cover band was he involved in?",Bothtec,Michael Giacchino was involved in the cover band Descendants of Erdrick before composing music for the game containing Chocobos and Moogles.,"[32131, 62384, 9254, 42803, 16719]",876,33,21.155171999907907,1412.391972000023,1433.547143999931,0.0,0.0
5a85c3225542992a431d1b95,The 2000 ICC KnockOut Trophy was the debut of a Jamaican cricketer who is a right-handed what?,middle order batsman,off spinner,"[62784, 62790, 14777, 14778, 7278]",648,2,22.698202000015044,250.41113999998288,273.1093419999979,0.0,0.0
5a80abb65542996402f6a5df,What organization affiliated with the National Collegiate Athletic Association Division were the 2012 Hawaii Warriors football team first year members of?,Mountain West Conference,Mountain West Conference,"[59146, 51821, 59141, 28629, 59830]",530,3,21.627232000014374,250.66913699993165,272.296368999946,1.0,1.0
5a8719fa55429960ec39b742,Is Muskegon County Airport or John Wayne Airport further west?,John Wayne Airport,John Wayne Airport is further west than Muskegon County Airport.,"[55137, 55133, 4881, 3656, 15149]",651,13,20.53538600000593,630.0020200000063,650.5374060000122,0.0,0.4615384615384615
5ac160af5542994d76dccdfa,At what university is the organic chemist who headed the group that designed the nanocar a professor?,"Rice University in Houston, Texas, United States",Rice University,"[56135, 56136, 31639, 56137, 32250]",501,3,21.455442000046787,243.61976199998026,265.07520400002704,0.0,0.4444444444444445
5ac2455e55429951e9e68512,"Which is a formal name of a species of tree, Bee tree or Microcachrys?",Microcachrys,Bee tree,"[54766, 54763, 54666, 42531, 4259]",590,3,20.819496999934017,271.3512720000608,292.17076899999483,0.0,0.0
5a841b215542990548d0b25b,"Frank Sindone helped plot the murder of a family mob boss, What was this boss's nickname ?","""the Gentle Don"" or ""the Docile Don""",Angelo Bruno,"[60990, 49827, 44847, 49823, 44844]",754,3,21.413294000012684,331.9221169999764,353.3354109999891,0.0,0.0
5a8eb63455429917b4a5bdb7,"With which American musician, singer-songwriter, and multi-instrumentalist from Berklee College of Music did Jonny Browning collaborate?",St. Vincent,Jared Faber,"[58692, 58685, 58687, 58689, 58691]",712,4,22.153560000106154,360.18590900005165,382.3394690001578,0.0,0.0
5a79ca585542996c55b2dc71,"Who starred in the film The Human Factor in 1979, alongside fellow English actors Richard Attenborough and Derek Jacobi?",John Gielgud,"Nicol Williamson, Derek Jacobi, and John Gielgud starred in the film ""The Human Factor"" in 1979.","[58013, 58009, 46541, 58012, 58014]",404,30,21.419042999923477,1147.058720999894,1168.4777639998174,0.0,0.25
5ab7f97a5542991d322237ef,"What is Opry Mills in Nashville, Tennessee?",super-regional shopping mall,"Opry Mills is a super-regional shopping mall that opened in Nashville, Tennessee in 2000 on the former site of the Opryland USA theme park. It is owned by Simon Property Group and is dedicated to hosting concerts and events related to country music.","[58228, 58229, 58235, 58231, 58230]",486,56,22.270114999969337,2087.937977000024,2110.2080919999935,0.0,0.17777777777777776
5a832e715542990548d0b1bf,What annual gathering that inlcudes David Starfire takes place at Black Rock City?,Burning Man,Burning Man,"[57491, 57497, 57496, 57499, 56071]",691,3,24.33482800006459,297.6588900000934,321.99371800015797,1.0,1.0
5a7345ed5542992359bc32ce,Which field of studies did Semyon Aranovich Gershgorin and Anatoly Maltsev work in?,He was a mathematician,Mathematics,"[55228, 55232, 16534, 48656, 5260]",736,2,21.679806000065582,294.56420799999705,316.24401400006263,0.0,0.0
5a8ba0855542995d1e6f1427,A writer for The Kenyon Review won a Pulitzer Prize in what year?,1947,1962,"[57260, 48606, 50966, 1462, 57261]",603,4,21.828127999924618,306.5184270000145,328.34655499993914,0.0,0.0
5a7c04c85542996dd594b881,Arizona State Route 51 (SR 51) is named after a Native American woman belonging to what tribe?,Hopi,Apache,"[62059, 8797, 62054, 57120, 34188]",719,1,22.924126000020806,255.56888600010552,278.4930120001263,0.0,0.0
5ab8f3235542991b5579f084,What number president was Annie Caputo nominated by to become a member of the Nuclear Regulatory Commission?,45th,5,"[59172, 59167, 43151, 59173, 19362]",887,1,21.62754000005407,293.4096440000076,315.03718400006164,0.0,0.0
5abbdaef554299642a094b5d,"The title track of Carla Bruni discography was used in a  film directed by James Ivory, and was also used in what other film?",(500) Days of Summer,"""The Europeans""","[36990, 57315, 566, 27993, 57309]",676,3,21.49092499996641,290.9839320000174,312.4748569999838,0.0,0.0
5adf80605542995534e8c7d2,The 2012–13 Boston Celtics season was marred by an occurence which took the lives of how many people?,three,7,"[22077, 61002, 60999, 39115, 29012]",1123,1,23.701049999999668,405.42366900001525,429.1247190000149,0.0,0.0
5a78f18855429974737f7915,"Orange is the New Black, starring Annie Golden as Norma Romano, takes place in which minimum-security federal prison?",FCI Danbury,FCI Danbury,"[56432, 56435, 56437, 56438, 56434]",668,4,21.39229499994144,323.4518549999166,344.844149999858,1.0,1.0
5a837121554299123d8c2128,"Q1: Which mountain is located in China, Kirat Chuli or Kangpenqing?","Kangpenqing (also Gang Benchhen) is a mountain in the Baiku Himalayas of Tibet, China.",Kangpenqing,"[54611, 54608, 54604, 15170, 15167]",536,4,21.931818999973984,287.69862799993007,309.63044699990405,0.0,0.15384615384615385
5a8ee6915542990e94052bad,"What season was the character introduced that becomes the main antagonist in the  following season, from the animated television series created by Bryan Konietzko and Michael Dante DiMartino as a sequel to """", which aired from 2005 to 2008? ",third,Fourth season.,"[57064, 57065, 57066, 51729, 51725]",845,3,25.54906500006382,364.9399949999861,390.4890600000499,0.0,0.0
5a7da0915542990b8f5039d4,"What is the pioneer who has a park dedicated to him near Lexington, North Carolina famous for?",Wilderness Road,"Exploring and settling what is now Kentucky, founding Boonesborough, Kentucky, one of the first American settlements west of the Appalachians.","[59471, 59473, 19571, 40795, 59479]",851,28,27.58587899995746,1257.320787000026,1284.9066659999835,0.0,0.0
5a9068f85542990a98493623,What was the nickname of the 76er who was drafted 3rd in the 2014 draft? ,The Process,The Process,"[12154, 12151, 35338, 12145, 18117]",724,2,22.15147300000808,290.5159270000013,312.66740000000937,1.0,1.0
5a7f0be055429930675135fe,"Which English crime writer wrote the 2005 psychological thriller ""The Devil's Feather""?",Minette Walters,Minette Walters,"[56711, 3406, 54600, 46380, 25428]",603,3,22.049983000101747,277.3039219999873,299.35390500008907,1.0,1.0
5a7e7ed05542991319bc94c2,"Which magazine is older, Gallery or Dime Magazine?","arose on the ""Playboy"" magazine pattern in the 1970s.",Gallery is older than Dime Magazine.,"[55819, 55818, 48518, 5976, 55814]",607,8,20.98227599992697,450.7382570000118,471.72053299993877,0.0,0.15384615384615383
5a813b6f55429903bc27b951,What tribe was the Megaoryzomys curioi previously in that Nesoryzomys are also in?,Oryzomyini,Oryzomyini,"[61566, 61564, 9819, 8797, 41639]",812,5,22.091355000043222,431.6446600000745,453.73601500011773,1.0,1.0
5adfa73b55429942ec259ad8,"In which county is the university, at which Roger Groot was the Class of 1975 Alumni Professor of Law, located?",Rockbridge County,Virginia,"[62869, 36, 38768, 20186, 6488]",911,1,21.187500999985787,305.8823230001053,327.0698240000911,0.0,0.0
5a7183575542994082a3e85e,"Who was the architect of a Dutch museum dedicated to the arts and history in Amsterdam, located at the Museum Square?",Petrus Josephus Hubertus (Pierre) Cuypers,"Not explicitly stated in the given documents, but based on general knowledge, the Rijksmuseum's architecture was designed by Jacob van Campen.","[59870, 59876, 59879, 59871, 60344]",471,30,20.941988999993555,1173.9258740000196,1194.8678630000131,0.0,0.0
5ab2e9b4554299340b525565,"What nationality is Amed Rosario, the shortstop for the New York Mets?",Dominican,Dominican,"[61371, 61372, 61363, 40920, 20792]",788,2,21.655571999986023,308.1090910000057,329.76466299999174,1.0,1.0
5add1d435542990d50227de8,"Where is the company, which designed the Glomar Challenger, based?","Vernier, Switzerland",Global Marine Inc.,"[58490, 58487, 58491, 29776, 58492]",595,4,21.73224199998458,309.55303200005346,331.28527400003804,0.0,0.0
5a7f35015542992e7d278c8a,In what year was the college that Cal Hovde served as dean for founded?,1754,1968,"[62769, 48751, 478, 33997, 1797]",647,4,21.999095999944984,318.06120800001736,340.06030399996234,0.0,0.0
5a7148005542994082a3e759,"What tower house near Aberchirder, Aberdeenshire did David Gregory inherit?",Kinnairdy Castle,Old Kinnairdy,"[58658, 58653, 18401, 28011, 58655]",407,5,22.397008999973878,281.12676000000647,303.52376899998035,0.0,0.5
5ac23f5255429951e9e684d8,Jeff Perry the current star of the ABC political drama Scandal is in an upcoming thriller direct by who?,Craig William Macneill,Jason Reitman,"[61481, 38213, 61484, 54060, 13778]",364,4,26.373638999984905,228.75375399996756,255.12739299995246,0.0,0.0
5ae65c925542992ae0d162f9,Who was the producer of the 1994 American animated epic musical film which Mel Shaw animated?,Don Hahn,Don Hahn,"[56450, 42150, 42149, 8818, 32905]",969,3,21.349878000023637,388.832893999961,410.18277199998465,1.0,1.0
5a7280105542994cef4bc2e4,Indie studio Jumpship developed what puzzle-platform video game released in July 2010?,Limbo,Limbo,"[59191, 59183, 59186, 59190, 59184]",629,2,21.52394400002322,241.94985999997698,263.4738040000002,1.0,1.0
5ae62c385542995703ce8b3e,How many albums have been sold by the band who was supported by Iron Maiden on their World Wide Blitz Tour?,close to 50 million,16,"[17941, 61864, 61867, 19860, 61868]",671,2,28.18337199994403,253.78129699993224,281.96466899987627,0.0,0.0
5add53fe5542992200553ab1,Since what historic period has the area known for its Crottin de Chavignol goat cheese been inhabited?,Middle Palaeolithic period,Since the Middle Palaeolithic period.,"[59153, 17982, 59154, 29036, 59149]",604,8,21.606987000041045,450.8709710000858,472.4779580001268,0.0,0.8571428571428571
5adfe37c554299025d62a377,Kasper Peter Schmeichel is the son of a professional footballer who was voted what in 1992 and 1993?,IFFHS World's Best Goalkeeper,The World's Best Goalkeeper.,"[58119, 58113, 18352, 58115, 48806]",804,7,21.72072499990918,482.4179859999731,504.1387109998823,0.0,0.888888888888889
5a87ef2f55429938390d3eb9,"Which airport is further north, Valley International Airport or Aberdeen Regional Airport?",Aberdeen Regional Airport,Valley International Airport is further north than Aberdeen Regional Airport.,"[55998, 56000, 47560, 7071, 56001]",641,12,21.393633999991835,591.933723000011,613.3273570000028,0.0,0.4615384615384615
5ac02835554299294b218f2e,Frank Lamson-Scribner was adopted by a family near which town in Kennebec County?,Manchester,"Manchester, Maine","[61053, 61057, 61054, 26691, 61059]",639,3,21.118517999980213,279.7795960000258,300.898114000006,0.0,0.6666666666666666
5a879dae5542996e4f308885,What was the company that was co-owned by the person who Abbe error was named after?,Carl Zeiss AG,Carl Zeiss AG,"[36653, 11014, 17900, 59804, 27900]",509,4,21.206530999961615,277.5637299999971,298.77026099995874,1.0,1.0
5abda4dd55429965af743d95,"Ivan Konrad Trajkovič qualified for which major international multi-sport event celebrated in the tradition of the Olympic Games, as governed by the International Olympic Committee?",2012 Summer Olympics,Ivan Konrad Trajkovič qualified for the 1996 Summer Olympics.,"[32393, 58417, 8316, 8315, 8317]",801,19,26.04464299997744,891.7576580000741,917.8023010000516,0.0,0.36363636363636365
5ae358c05542990afbd1e10f,Who sparked the 972 unrest in Lithuanian SSR?,Romas Kalanta,Romas Kalanta's self-immolation sparked the 1972 unrest in Lithuanian SSR.,"[60183, 12436, 12433, 21230, 16614]",1123,22,21.15753699990819,1149.5986310000035,1170.7561679999117,0.0,0.3076923076923077
5a773c7755429972597f14b5,"O'Halloran Hill in South Australia has a suburb of what town, with a population of over 12000 people?",Hallett Cove,Happy Valley,"[58705, 34335, 58710, 58709, 62424]",621,2,21.769285000004857,242.56113299998106,264.3304179999859,0.0,0.0
5a8c7ced5542995e66a4761c,Josh Trank and Mike Valerio both work in what industry?,entertainment,Film industry,"[54956, 54964, 26850, 54961, 19668]",646,2,21.078340999906686,241.7884919999551,262.8668329998618,0.0,0.0
5a78c66e55429974737f787b,Which group did Masta Kill released Selling My Soul under?,Wu-Tang Clan,Nature Sounds Records and Royal Lion Music.,"[58410, 58413, 60396, 46507, 50098]",906,8,21.87555499995142,534.4067209999821,556.2822759999335,0.0,0.0
5a823b355542990a1d231f6e,"Orson Scott Card first published his short story ""Killing Children"" in this American science-fiction magazine whose first issue was published when?",1930,November 1978,"[59129, 59133, 59130, 59138, 59135]",357,6,21.95111099990754,301.28078199993524,323.2318929998428,0.0,0.0
5a87964c5542996e4f30885f,Romans stars which Tamil and Telugu actress?,Nivetha Thomas,Biju Menon and Niveda Thomas,"[61707, 61711, 28106, 61712, 16597]",656,9,22.00881900000695,507.0022950000066,529.0111140000135,0.0,0.28571428571428575
5ae544d75542990ba0bbb249, Arena Essex Raceway is built alongside an out-of-town shopping centre constructed on the site of a former what?,chalk quarry,chalk quarry,"[60749, 60745, 60744, 44244, 60750]",644,2,21.74363300002824,253.63788899994688,275.3815219999751,1.0,1.0
5ab916e155429919ba4e23a4,12 Years a Slave starred what British actor born 10 July 1977),Chiwetel Ejiofor,WILL KEMP,"[30804, 56533, 29176, 46541, 40953]",724,4,22.259308999991845,362.7666909999334,385.02599999992526,0.0,0.0
5adc8c545542994734353734,"Are Wilco Melissant and Todd Field both involved in the film industry (e.g. director, filmmaker, actor)?",yes,"Yes, Wilco Melissant and Todd Field are both involved in the film industry.","[54674, 54671, 46677, 54670, 55395]",447,17,21.682929999997214,695.3951829999596,717.0781129999568,0.0,0.15384615384615385
5a8d02cc554299441c6b9fb6,"John MacGregor, Baron MacGregor of Pulham Market was educated at the University of St Andrews and another university established by what monach?",King George IV,"King's College, Aberdeen","[57044, 57046, 33537, 47435, 60658]",817,5,21.45714300002055,425.3879049999796,446.84504800000013,0.0,0.28571428571428575
5ae685fd5542996d980e7bda,Which magazine ranked the Indian Carnatic vocalist who collaborated with classical pianist Anil Srinivasan among 35 Game Changers under 35?,India Today,India Today,"[58281, 58278, 22673, 23080, 35046]",782,2,21.118677000004027,307.19902500004537,328.3177020000494,1.0,1.0
5a8dd13055429917b4a5bcba,What film studio produced both National Treasure and The Computer Wore Tennis Shoes?,Walt Disney Pictures,Walt Disney Pictures,"[55761, 55756, 37556, 55763, 55757]",556,4,20.72840499999984,289.2514590000701,309.97986400006994,1.0,1.0
5a80abd15542996402f6a5e0,Jing Tian was known for her role in a movie directed by who?,Ding Sheng,"Jing Tian was known for her role in ""Wolf Warriors 2,"" which was directed by Wu Jing.","[56741, 37955, 56628, 45679, 56736]",514,22,21.278811999991376,895.8859780000239,917.1647900000153,0.0,0.0
5a8986fd55429938390d4046,What technique does Cam Clarke and Akira have in common?,animation,Voice acting and singing.,"[62551, 62557, 62550, 62553, 27056]",613,5,21.81638699994437,342.2250290000193,364.04141599996365,0.0,0.0
5a714dea5542994082a3e7a9,"Which 2009 animated film is from Japan, Summer Wars or The Secret of Kells?",Summer Wars,Summer Wars,"[28929, 56020, 56019, 56018, 49204]",691,2,22.36085300000923,260.6100130000186,282.97086600002785,1.0,1.0
5ab4e48655429942dd415f9c,What is the height of the tallest mountain from which the Glen River flows?,850 m,1500 ft,"[36043, 57649, 36041, 16701, 19857]",679,5,21.82245699998475,360.54345499997,382.36591199995473,0.0,0.0
5a799dfb5542994bb9457029,Former race car driver Jeff Wood made his CART debut at which 1983 Nissan/Datsun-sponsored race?,Caesars Palace Grand Prix,Caesars Palace Grand Prix,"[30784, 30777, 8203, 56949, 62008]",1202,6,23.438811000005444,598.0913870000677,621.5301980000731,1.0,1.0
5abc0ac455429959677d6a01,"In what city was the song ""Where is Love"" first staged and did Oliver Twist meet the Artful Dodger?",London,"London, England.","[57893, 37672, 14986, 58563, 57892]",551,4,22.717222999972364,297.3899259999371,320.10714899990944,0.0,0.6666666666666666
5a737ef85542992d56e7e336,What British rock band released the album Brothers in Arms in 1985 which also featured a song with the same title?,Dire Straits,Dire Straits,"[58549, 58543, 58546, 58547, 58548]",661,3,23.248045000059392,289.52536600002077,312.77341100008016,1.0,1.0
5ab741005542992aa3b8c800,Dan Hurley is the brother of which head coach of Arizona State's men's basketball team?,Robert Matthew Hurley,Bobby Hurley,"[57294, 57299, 57297, 57292, 26517]",790,4,22.00375699999313,377.3715519999996,399.37530899999274,0.0,0.4
5a86eee85542994775f60787," During what years did the railroad that had a station stop in Ringling, Montana operate?",from 1847 until 1980,1909-1939,"[60938, 26581, 60936, 47064, 19329]",856,9,21.92283099998349,572.2984000000224,594.2212310000059,0.0,0.0
5ae532f85542990ba0bbb20a,Who was the gunman of the hostage crisis which Chris Reason was awarded the Graham Perkin Australian Journalist of the Year Award for his coverage of?,Man Haron,Man Haron Monis,"[57002, 57007, 57000, 56999, 54059]",364,5,22.693763000006584,265.46821399995224,288.1619769999588,0.0,0.8
5adf6aca5542993344016c8d,Ocean Springs School District is located in the city in what Mississippi county?,Jackson,Jackson County,"[60004, 60000, 59998, 19520, 38768]",451,2,21.437391000063144,174.93659600006595,196.3739870001291,0.0,0.6666666666666666
5abff00c5542994516f45537,What film genre links Baghdad ER and Olympia?,documentary,"Document 1 and Document 2 both relate to documentaries, specifically focusing on historical events and cultural contexts. Therefore, the film genres linking these documents are documentary.","[55534, 3554, 20561, 60941, 7657]",691,32,20.475794000049063,1282.7588619999233,1303.2346559999723,0.0,0.07692307692307693
5a7735f55542994aec3b7226,"Who won Miss America 2013, which was the 86th Miss America pageant held at the PH Live in Las Vegas?",Mallory Hytes Hagan,Alexis Wineman,"[60023, 60020, 44385, 44731, 16723]",637,4,21.680932999970537,319.56253199996354,341.2434649999341,0.0,0.0
5a8fa20555429918e830d298,"In 1967, there were how many active members in the organization whose first Grand Wizard was convicted for the 1966 murder of Vernon Dahmer? ",around four hundred,Four hundred.,"[61838, 61836, 61834, 33805, 36761]",940,3,21.06288200002382,395.8547359999329,416.91761799995675,0.0,0.8
5a7a01b15542996c55b2dcd1,"Who lived longer, Alejandro Jodorowsky or Philip Saville?",Alejandro Jodorowsky Prullansky,Alejandro Jodorowsky lived longer than Philip Saville.,"[677, 55303, 55302, 13866, 55298]",620,13,21.951252000008026,617.975830999967,639.927082999975,0.0,0.4
5addffff5542992200553bdd,"How many Academy Awards did the film, in which Jimmy Bryant provided the singing voice for the character Tony, win ?",10,Two,"[22454, 52358, 35199, 19560, 32285]",648,1,22.686388000010993,214.89624699995602,237.582634999967,0.0,0.0
5ac45b58554299076e296dad,"Which has the larger population, Shanghai or Hanggin Rear Banner?",Shanghai,Hanggin Rear Banner has a larger population than Shanghai.,"[55197, 55195, 55192, 55191, 55196]",741,11,20.797760000050403,601.0980610000161,621.8958210000665,0.0,0.2222222222222222
5ab50e0a5542990594ba9cf0,"The lead of the CBS series ""I Had Three Wives"" played what role in ""Godspell""?",Jesus,Jesus,"[58271, 58269, 56913, 38511, 58266]",720,1,22.20573699992201,247.4986809999109,269.7044179998329,1.0,1.0
5ae6f2a7554299572ea5464a,"Which character does this protagonist, who secretly loves and marries a member of the rival house, of William Shakespeare's tragedy that has a fictional character Benvolio slay?",Tybalt,Romeo Montague,"[717, 57189, 57188, 10685, 712]",531,5,22.24346399998467,324.52162399999906,346.76508799998373,0.0,0.0
5ae152a65542990adbacf74f,When was the novel published  in 2010 which is part of the series of The Maze Runner?,"September 18, 2010","September 18, 2010","[12362, 12360, 12359, 10531, 10529]",689,10,22.81712499996047,537.5492309999572,560.3663559999177,1.0,1.0
5addc7e35542997545bbbdbe,"Which areas of the United States were still able to deny sames sex marriages after the case in which Edith ""Edie"" Windsor was the main plaintiff?","American Samoa, but not on all Native American tribal lands",American Samoa,"[58343, 5722, 21158, 5118, 21159]",887,2,21.658846000036647,331.5904709999131,353.24931699994977,0.0,0.33333333333333337
5ab9bc6155429970cfb8eb90,Are both the flowering plants Desfontainia and Alisma  in the family Potaliaceae?,no,"No, Desfontainia and Alisma are not in the same family. Desfontainia belongs to the family Columelliaceae, while Alisma is part of the Alismataceae family.","[55468, 55467, 54879, 6153, 15226]",660,43,21.616339000047446,1676.321544000075,1697.9378830001224,0.0,0.0909090909090909
5a793d335542994bb9456fca,Amil Grove appeared in what  British tabloid published by News UK? ,Amii Anne J. Grove,The Sun,"[59596, 28083, 59598, 51622, 10411]",709,2,22.10758800003987,264.90316100000655,287.0107490000464,0.0,0.0
5ac2a3c7554299218029dadb,"Which genus has more species in it, Othonna or Stangeria?",Othonna,Stangeria has more species than Othonna.,"[54665, 54663, 54666, 54664, 49974]",365,11,21.55045200004224,474.3149399999993,495.86539200004154,0.0,0.2857142857142857
5a86681c5542991e77181644,"What was the profession of elder brother who born on January 24, 1984?",American professional boxer,Martin Sheen,"[9738, 45570, 54394, 24143, 60135]",648,3,21.495059000017136,282.27127900004234,303.7663380000595,0.0,0.0
5a7153d05542994082a3e7dc,"Which Istanbul mosque is unique for retaining a Baroque style of architecture, the Bayezid II Mosque or the Nusretiye Mosque?",Nusretiye Mosque,Nusretiye Mosque,"[55056, 55062, 55059, 55061, 55064]",462,6,27.030330000002323,347.83900299999004,374.86933299999237,1.0,1.0
5abc5955554299114383a118,"Which movie was released first, Return to Oz or Midnight Madness?",Midnight Madness,Midnight Madness,"[6844, 55343, 56057, 55341, 6841]",671,3,22.638963999952466,284.01294599996163,306.6519099999141,1.0,1.0
5adbe1a7554299438c868cc3,What is the name of this Fortune 500 American company that operates a chain of retail home improvement stores that sponsored House Rules?,Lowe's,"Lowe's Companies, Inc.","[56684, 28140, 56680, 28132, 1064]",554,7,21.273207000035654,391.4580419999538,412.7312489999895,0.0,0.6666666666666666
5a7fe7f85542994857a7683e,Genealogy is an Armenian supergroup that competed in a 2015 singing contest in what city?,"Vienna, Austria","Vienna, Austria","[61741, 61740, 34371, 51731, 25865]",661,4,27.235754999992423,326.56997899994167,353.8057339999341,1.0,1.0
5a7336d05542992359bc3293,"Lady Elizabeth Delmé and Her Children (1779) is a portrait given to the National Gallery of Art in 1937, which is located in which state?","Washington, D.C.",Virginia,"[58075, 47213, 47217, 22430, 54041]",759,1,21.45398599998316,265.04940800009535,286.5033940000785,0.0,0.0
5a8434445542996488c2e517,"Who has released more solo albums, Ozzy Osbourne or Curt Smith?","John Michael ""Ozzy"" Osbourne",Ozzy Osbourne has released more solo albums than Curt Smith.,"[1091, 5715, 55326, 5713, 14871]",903,14,21.99545600001329,758.7586979999514,780.7541539999647,0.0,0.28571428571428575
